# TRIAGE 2.6b: membership of every structure in every population, canonical order.
population_id,set,file,atoms,member,reason
SOURCE_POPULATION,EQ,1-butene,12,True,
SOURCE_POPULATION,EQ,1-butyne,10,True,
SOURCE_POPULATION,EQ,1-decene,30,True,
SOURCE_POPULATION,EQ,1-hexene,18,True,
SOURCE_POPULATION,EQ,1-octene,24,True,
SOURCE_POPULATION,EQ,2-methoxyethanol,13,True,
SOURCE_POPULATION,EQ,2-methyl_2-butanol,18,True,
SOURCE_POPULATION,EQ,2-methylheptane,26,True,
SOURCE_POPULATION,EQ,2-methylhexane,23,True,
SOURCE_POPULATION,EQ,2-methylpentane,20,True,
SOURCE_POPULATION,EQ,2-methylpropanenitrile,12,True,
SOURCE_POPULATION,EQ,2-methylpyridine,14,True,
SOURCE_POPULATION,EQ,2-oxetanone,9,True,
SOURCE_POPULATION,EQ,2.2-dimethylbutane,20,True,
SOURCE_POPULATION,EQ,2.2-dimethylhexane,26,True,
SOURCE_POPULATION,EQ,2.2-dimethylpentane,23,True,
SOURCE_POPULATION,EQ,2.2-dimethylpropanitrile,15,True,
SOURCE_POPULATION,EQ,2.2.3-trimethylbutane,23,True,
SOURCE_POPULATION,EQ,2.2.3-trimethylpentane,26,True,
SOURCE_POPULATION,EQ,2.2.3.3-tetramethylbutane,26,True,
SOURCE_POPULATION,EQ,2.2.4-trimethylpentane,26,True,
SOURCE_POPULATION,EQ,2.3-dimethylbutane,20,True,
SOURCE_POPULATION,EQ,2.3-dimethylhexane,26,True,
SOURCE_POPULATION,EQ,2.3-dimethylpentane,23,True,
SOURCE_POPULATION,EQ,2.3-dimethylpyridine,17,True,
SOURCE_POPULATION,EQ,2.3.3-trimethylpentane,26,True,
SOURCE_POPULATION,EQ,2.3.4-trimethylpentane,26,True,
SOURCE_POPULATION,EQ,2.3.6-trimethylpyridine,20,True,
SOURCE_POPULATION,EQ,2.4-dimethylhexane,26,True,
SOURCE_POPULATION,EQ,2.4-dimethylpentane,23,True,
SOURCE_POPULATION,EQ,2.4-dimethylpyridine,17,True,
SOURCE_POPULATION,EQ,2.4.6-trimethylpyridine,20,True,
SOURCE_POPULATION,EQ,2.5-dimethylhexane,26,True,
SOURCE_POPULATION,EQ,2.6-dimethylpyridine,17,True,
SOURCE_POPULATION,EQ,2_5-difluorotoluene,15,True,
SOURCE_POPULATION,EQ,2_propoxyethanol,19,True,
SOURCE_POPULATION,EQ,3-ethyl-2-methylpentane,26,True,
SOURCE_POPULATION,EQ,3-ethyl-3-methylpentane,29,True,
SOURCE_POPULATION,EQ,3-ethylhexane,26,True,
SOURCE_POPULATION,EQ,3-ethylpentane,23,True,
SOURCE_POPULATION,EQ,3-methylbutanitrile,15,True,
SOURCE_POPULATION,EQ,3-methylheptane,26,True,
SOURCE_POPULATION,EQ,3-methylhexane,23,True,
SOURCE_POPULATION,EQ,3-methylpentane,20,True,
SOURCE_POPULATION,EQ,3-methylpyridine,14,True,
SOURCE_POPULATION,EQ,3-octyne,22,True,
SOURCE_POPULATION,EQ,3.3-dimethylhexane,26,True,
SOURCE_POPULATION,EQ,3.3-dimethyloxetane,16,True,
SOURCE_POPULATION,EQ,3.3-dimethylpentane,23,True,
SOURCE_POPULATION,EQ,3.4-dimethylhexane,26,True,
SOURCE_POPULATION,EQ,3.4-dimethylpyridine,17,True,
SOURCE_POPULATION,EQ,3.5-dimethylpyridine,17,True,
SOURCE_POPULATION,EQ,4-methylheptane,26,True,
SOURCE_POPULATION,EQ,4-methylpyridine,14,True,
SOURCE_POPULATION,EQ,Butyl_acetate,20,True,
SOURCE_POPULATION,EQ,C6F6,12,True,
SOURCE_POPULATION,EQ,CF4,5,True,
SOURCE_POPULATION,EQ,CH2F2,5,True,
SOURCE_POPULATION,EQ,CH3F,5,True,
SOURCE_POPULATION,EQ,CO,2,True,
SOURCE_POPULATION,EQ,CO2,3,True,
SOURCE_POPULATION,EQ,Diketene,10,True,
SOURCE_POPULATION,EQ,Ethyl_2-methylpropanoate,20,True,
SOURCE_POPULATION,EQ,Ethyl_acetate,14,True,
SOURCE_POPULATION,EQ,Ethyl_butanoate,20,True,
SOURCE_POPULATION,EQ,Ethyl_formate,11,True,
SOURCE_POPULATION,EQ,F2N-NF2,6,True,
SOURCE_POPULATION,EQ,F2O,3,True,
SOURCE_POPULATION,EQ,F3C-CN,6,True,
SOURCE_POPULATION,EQ,F3C-O-O-CF3,10,True,
SOURCE_POPULATION,EQ,FCCF,4,True,
SOURCE_POPULATION,EQ,Furane,9,True,
SOURCE_POPULATION,EQ,H2N-NO2,6,True,
SOURCE_POPULATION,EQ,H2O2,4,True,
SOURCE_POPULATION,EQ,H3C-NF2,7,True,
SOURCE_POPULATION,EQ,HCF,3,True,
SOURCE_POPULATION,EQ,HF,2,True,
SOURCE_POPULATION,EQ,HNO,3,True,
SOURCE_POPULATION,EQ,HNO3,5,True,
SOURCE_POPULATION,EQ,Isobutane,14,True,
SOURCE_POPULATION,EQ,Isopentane,17,True,
SOURCE_POPULATION,EQ,Methyl_acetate,11,True,
SOURCE_POPULATION,EQ,Methyl_formate,8,True,
SOURCE_POPULATION,EQ,Methyl_propanoate,14,True,
SOURCE_POPULATION,EQ,N.N-dimethylaniline,20,True,
SOURCE_POPULATION,EQ,N2O,3,True,
SOURCE_POPULATION,EQ,NF3,4,True,
SOURCE_POPULATION,EQ,NO,2,True,
SOURCE_POPULATION,EQ,NO2,3,True,
SOURCE_POPULATION,EQ,Neopentane,17,True,
SOURCE_POPULATION,EQ,O2N-CF2-CF2-NO2,12,True,
SOURCE_POPULATION,EQ,Oxetane,10,True,
SOURCE_POPULATION,EQ,Propyl_formate,14,True,
SOURCE_POPULATION,EQ,acetylfluoride,4,True,
SOURCE_POPULATION,EQ,ammonia,4,True,
SOURCE_POPULATION,EQ,anisole,16,True,
SOURCE_POPULATION,EQ,azobutane,28,True,
SOURCE_POPULATION,EQ,azopropane,22,True,
SOURCE_POPULATION,EQ,benzene,12,True,
SOURCE_POPULATION,EQ,benzyl_alcohol,16,True,
SOURCE_POPULATION,EQ,benzylamine,17,True,
SOURCE_POPULATION,EQ,bis_ethoxymethyl_ether,23,True,
SOURCE_POPULATION,EQ,butane,14,True,
SOURCE_POPULATION,EQ,butanenitrile,12,True,
SOURCE_POPULATION,EQ,butyl_ethyl_ether,21,True,
SOURCE_POPULATION,EQ,butyl_formate,17,True,
SOURCE_POPULATION,EQ,butylamine,16,True,
SOURCE_POPULATION,EQ,butylethylamine,22,True,
SOURCE_POPULATION,EQ,cumene,21,True,
SOURCE_POPULATION,EQ,cyanogen,4,True,
SOURCE_POPULATION,EQ,cyclobutanecarbonitrile,13,True,
SOURCE_POPULATION,EQ,cyclohexanecarbonitrile,19,True,
SOURCE_POPULATION,EQ,cyclohexylamine,20,True,
SOURCE_POPULATION,EQ,cyclopentanecarbonitrile,16,True,
SOURCE_POPULATION,EQ,cyclopranecarbonitrile,10,True,
SOURCE_POPULATION,EQ,cyclopropyl_methyl_ketone,14,True,
SOURCE_POPULATION,EQ,diethoxymethane,19,True,
SOURCE_POPULATION,EQ,diethyl_carbonate,18,True,
SOURCE_POPULATION,EQ,difluorotetranitroethane,16,True,
SOURCE_POPULATION,EQ,diisopropyl_ether,21,True,
SOURCE_POPULATION,EQ,diisopropylamine,22,True,
SOURCE_POPULATION,EQ,dimethylamine,10,True,
SOURCE_POPULATION,EQ,dinitrofluoromethane,9,True,
SOURCE_POPULATION,EQ,dipropyl_ether,21,True,
SOURCE_POPULATION,EQ,dipropylamine,22,True,
SOURCE_POPULATION,EQ,ethane,8,True,
SOURCE_POPULATION,EQ,ethyl_isopropyl_ether,18,True,
SOURCE_POPULATION,EQ,ethyl_propanoate,17,True,
SOURCE_POPULATION,EQ,ethylene_glycole_diacetate,20,True,
SOURCE_POPULATION,EQ,ethylene_oxide,7,True,
SOURCE_POPULATION,EQ,ethylisopropylamine,19,True,
SOURCE_POPULATION,EQ,fluoroaceticacid,8,True,
SOURCE_POPULATION,EQ,fluoroacetonitrile,6,True,
SOURCE_POPULATION,EQ,fluorobenzene,12,True,
SOURCE_POPULATION,EQ,fluoroethanol,9,True,
SOURCE_POPULATION,EQ,fluoropentane,17,True,
SOURCE_POPULATION,EQ,guanine,16,True,
SOURCE_POPULATION,EQ,heptane,23,True,
SOURCE_POPULATION,EQ,hexane,20,True,
SOURCE_POPULATION,EQ,hexanitrile,18,True,
SOURCE_POPULATION,EQ,indan,19,True,
SOURCE_POPULATION,EQ,isobutyl_methyl_ether,18,True,
SOURCE_POPULATION,EQ,isobutylamine,16,True,
SOURCE_POPULATION,EQ,isopropyl_acetate,17,True,
SOURCE_POPULATION,EQ,isopropyl_methyl_ether,15,True,
SOURCE_POPULATION,EQ,isopropylamine,13,True,
SOURCE_POPULATION,EQ,isopropylmethylamine,16,True,
SOURCE_POPULATION,EQ,isopropylpropylamine,22,True,
SOURCE_POPULATION,EQ,isoquinoline,17,True,
SOURCE_POPULATION,EQ,m-cresol,16,True,
SOURCE_POPULATION,EQ,m-xylene,18,True,
SOURCE_POPULATION,EQ,methyl_2.2-dimethylpropanoate,20,True,
SOURCE_POPULATION,EQ,methyl_cyclobutanecarboxylate,18,True,
SOURCE_POPULATION,EQ,methyl_cyclopropanecarboxylate,15,True,
SOURCE_POPULATION,EQ,methyl_isobutanoate,17,True,
SOURCE_POPULATION,EQ,methyl_pentanoate,20,True,
SOURCE_POPULATION,EQ,methyl_propyl_ether,15,True,
SOURCE_POPULATION,EQ,methylbutanoate,17,True,
SOURCE_POPULATION,EQ,methylhydrazine,9,True,
SOURCE_POPULATION,EQ,methyltrifluoroacetate,11,True,
SOURCE_POPULATION,EQ,nitrofluorobenzene,14,True,
SOURCE_POPULATION,EQ,o-cresol,16,True,
SOURCE_POPULATION,EQ,o-xylene,18,True,
SOURCE_POPULATION,EQ,octane,26,True,
SOURCE_POPULATION,EQ,octanenitrile,24,True,
SOURCE_POPULATION,EQ,p-cresol,16,True,
SOURCE_POPULATION,EQ,p-xylene,18,True,
SOURCE_POPULATION,EQ,pentane,17,True,
SOURCE_POPULATION,EQ,pentanenitrile,15,True,
SOURCE_POPULATION,EQ,pentylamine,19,True,
SOURCE_POPULATION,EQ,piperidine,17,True,
SOURCE_POPULATION,EQ,propane,11,True,
SOURCE_POPULATION,EQ,propanitrile,9,True,
SOURCE_POPULATION,EQ,propene,9,True,
SOURCE_POPULATION,EQ,propyl_acetate,17,True,
SOURCE_POPULATION,EQ,propyl_propanoate,20,True,
SOURCE_POPULATION,EQ,propylamine,13,True,
SOURCE_POPULATION,EQ,pyridazine,10,True,
SOURCE_POPULATION,EQ,pyridimine,10,True,
SOURCE_POPULATION,EQ,pyrrole,10,True,
SOURCE_POPULATION,EQ,pyrrolidine,14,True,
SOURCE_POPULATION,EQ,quinoline,17,True,
SOURCE_POPULATION,EQ,secbutyl_methyl_ether,18,True,
SOURCE_POPULATION,EQ,secbutylamine,16,True,
SOURCE_POPULATION,EQ,tertbutyl_acetate,20,True,
SOURCE_POPULATION,EQ,tertbutyl_methyl_ether,18,True,
SOURCE_POPULATION,EQ,tertbutylamine,16,True,
SOURCE_POPULATION,EQ,tetrahydropyrane,16,True,
SOURCE_POPULATION,EQ,toluene,15,True,
SOURCE_POPULATION,EQ,trans-3-pentenitrile,13,True,
SOURCE_POPULATION,EQ,triethylamine,22,True,
SOURCE_POPULATION,EQ,trifluoroacetamide,9,True,
SOURCE_POPULATION,EQ,trifluorotrinitroethane,14,True,
SOURCE_POPULATION,EQ,trimethylamine,13,True,
SOURCE_POPULATION,TS,JPCA2003-107-5798-TS17,9,True,
SOURCE_POPULATION,TS,JPCA2003-107-5798-TS18,9,True,
SOURCE_POPULATION,TS,JPCA2003-107-5798-TS19,8,True,
SOURCE_POPULATION,TS,JPCA2003-107-5798-TS20,8,True,
SOURCE_POPULATION,TS,JPCA_2000_104_10526-ts1,5,True,
SOURCE_POPULATION,TS,JPCA_2004_108_5197.txt-ts1,10,True,
SOURCE_POPULATION,TS,JPCA_2004_108_5197.txt-ts10,17,True,
SOURCE_POPULATION,TS,JPCA_2004_108_5197.txt-ts11,17,True,
SOURCE_POPULATION,TS,JPCA_2004_108_5197.txt-ts12,17,True,
SOURCE_POPULATION,TS,JPCA_2004_108_5197.txt-ts13,17,True,
SOURCE_POPULATION,TS,JPCA_2004_108_5197.txt-ts14,17,True,
SOURCE_POPULATION,TS,JPCA_2004_108_5197.txt-ts15,17,True,
SOURCE_POPULATION,TS,JPCA_2004_108_5197.txt-ts16,17,True,
SOURCE_POPULATION,TS,JPCA_2004_108_5197.txt-ts17,17,True,
SOURCE_POPULATION,TS,JPCA_2004_108_5197.txt-ts18,17,True,
SOURCE_POPULATION,TS,JPCA_2004_108_5197.txt-ts19,17,True,
SOURCE_POPULATION,TS,JPCA_2004_108_5197.txt-ts2,13,True,
SOURCE_POPULATION,TS,JPCA_2004_108_5197.txt-ts20,17,True,
SOURCE_POPULATION,TS,JPCA_2004_108_5197.txt-ts21,17,True,
SOURCE_POPULATION,TS,JPCA_2004_108_5197.txt-ts22,17,True,
SOURCE_POPULATION,TS,JPCA_2004_108_5197.txt-ts23,17,True,
SOURCE_POPULATION,TS,JPCA_2004_108_5197.txt-ts24,17,True,
SOURCE_POPULATION,TS,JPCA_2004_108_5197.txt-ts25,17,True,
SOURCE_POPULATION,TS,JPCA_2004_108_5197.txt-ts26,17,True,
SOURCE_POPULATION,TS,JPCA_2004_108_5197.txt-ts27,30,True,
SOURCE_POPULATION,TS,JPCA_2004_108_5197.txt-ts28,30,True,
SOURCE_POPULATION,TS,JPCA_2004_108_5197.txt-ts29,30,True,
SOURCE_POPULATION,TS,JPCA_2004_108_5197.txt-ts3,13,True,
SOURCE_POPULATION,TS,JPCA_2004_108_5197.txt-ts30,30,True,
SOURCE_POPULATION,TS,JPCA_2004_108_5197.txt-ts31,30,True,
SOURCE_POPULATION,TS,JPCA_2004_108_5197.txt-ts32,30,True,
SOURCE_POPULATION,TS,JPCA_2004_108_5197.txt-ts33,30,True,
SOURCE_POPULATION,TS,JPCA_2004_108_5197.txt-ts34,30,True,
SOURCE_POPULATION,TS,JPCA_2004_108_5197.txt-ts36,30,True,
SOURCE_POPULATION,TS,JPCA_2004_108_5197.txt-ts37,30,True,
SOURCE_POPULATION,TS,JPCA_2004_108_5197.txt-ts38,30,True,
SOURCE_POPULATION,TS,JPCA_2004_108_5197.txt-ts39,30,True,
SOURCE_POPULATION,TS,JPCA_2004_108_5197.txt-ts40,30,True,
SOURCE_POPULATION,TS,JPCA_2004_108_5197.txt-ts41,30,True,
SOURCE_POPULATION,TS,JPCA_2004_108_5197.txt-ts42,30,True,
SOURCE_POPULATION,TS,JPCA_2004_108_5197.txt-ts43,30,True,
SOURCE_POPULATION,TS,JPCA_2004_108_5197.txt-ts44,30,True,
SOURCE_POPULATION,TS,JPCA_2004_108_5197.txt-ts45,30,True,
SOURCE_POPULATION,TS,JPCA_2004_108_5197.txt-ts46,30,True,
SOURCE_POPULATION,TS,JPCA_2004_108_5197.txt-ts5,13,True,
SOURCE_POPULATION,TS,JPCA_2004_108_5197.txt-ts6,13,True,
SOURCE_POPULATION,TS,JPCA_2004_108_5197.txt-ts7,13,True,
SOURCE_POPULATION,TS,JPCA_2004_108_5197.txt-ts8,17,True,
SOURCE_POPULATION,TS,JPCA_2004_108_5197.txt-ts9,17,True,
SOURCE_POPULATION,TS,JPCA_2005_109_10794-TS2,7,True,
SOURCE_POPULATION,TS,JPCA_2005_109_10794-TS3,7,True,
SOURCE_POPULATION,TS,JPCA_2005_109_4829-TS1,18,True,
SOURCE_POPULATION,TS,JPCA_2005_109_4829-TS2,16,True,
SOURCE_POPULATION,TS,JPCA_2005_109_4829-TS3,16,True,
SOURCE_POPULATION,TS,JPCA_2005_109_4829-TS4,14,True,
VALID_V0-unscaled@printed,EQ,1-butene,12,True,
VALID_V0-unscaled@printed,EQ,1-butyne,10,True,
VALID_V0-unscaled@printed,EQ,1-decene,30,True,
VALID_V0-unscaled@printed,EQ,1-hexene,18,True,
VALID_V0-unscaled@printed,EQ,1-octene,24,True,
VALID_V0-unscaled@printed,EQ,2-methoxyethanol,13,True,
VALID_V0-unscaled@printed,EQ,2-methyl_2-butanol,18,True,
VALID_V0-unscaled@printed,EQ,2-methylheptane,26,True,
VALID_V0-unscaled@printed,EQ,2-methylhexane,23,True,
VALID_V0-unscaled@printed,EQ,2-methylpentane,20,True,
VALID_V0-unscaled@printed,EQ,2-methylpropanenitrile,12,True,
VALID_V0-unscaled@printed,EQ,2-methylpyridine,14,True,
VALID_V0-unscaled@printed,EQ,2-oxetanone,9,True,
VALID_V0-unscaled@printed,EQ,2.2-dimethylbutane,20,True,
VALID_V0-unscaled@printed,EQ,2.2-dimethylhexane,26,True,
VALID_V0-unscaled@printed,EQ,2.2-dimethylpentane,23,True,
VALID_V0-unscaled@printed,EQ,2.2-dimethylpropanitrile,15,True,
VALID_V0-unscaled@printed,EQ,2.2.3-trimethylbutane,23,True,
VALID_V0-unscaled@printed,EQ,2.2.3-trimethylpentane,26,True,
VALID_V0-unscaled@printed,EQ,2.2.3.3-tetramethylbutane,26,True,
VALID_V0-unscaled@printed,EQ,2.2.4-trimethylpentane,26,True,
VALID_V0-unscaled@printed,EQ,2.3-dimethylbutane,20,True,
VALID_V0-unscaled@printed,EQ,2.3-dimethylhexane,26,True,
VALID_V0-unscaled@printed,EQ,2.3-dimethylpentane,23,True,
VALID_V0-unscaled@printed,EQ,2.3-dimethylpyridine,17,True,
VALID_V0-unscaled@printed,EQ,2.3.3-trimethylpentane,26,True,
VALID_V0-unscaled@printed,EQ,2.3.4-trimethylpentane,26,True,
VALID_V0-unscaled@printed,EQ,2.3.6-trimethylpyridine,20,True,
VALID_V0-unscaled@printed,EQ,2.4-dimethylhexane,26,True,
VALID_V0-unscaled@printed,EQ,2.4-dimethylpentane,23,True,
VALID_V0-unscaled@printed,EQ,2.4-dimethylpyridine,17,True,
VALID_V0-unscaled@printed,EQ,2.4.6-trimethylpyridine,20,True,
VALID_V0-unscaled@printed,EQ,2.5-dimethylhexane,26,True,
VALID_V0-unscaled@printed,EQ,2.6-dimethylpyridine,17,True,
VALID_V0-unscaled@printed,EQ,2_5-difluorotoluene,15,True,
VALID_V0-unscaled@printed,EQ,2_propoxyethanol,19,True,
VALID_V0-unscaled@printed,EQ,3-ethyl-2-methylpentane,26,True,
VALID_V0-unscaled@printed,EQ,3-ethyl-3-methylpentane,29,True,
VALID_V0-unscaled@printed,EQ,3-ethylhexane,26,True,
VALID_V0-unscaled@printed,EQ,3-ethylpentane,23,True,
VALID_V0-unscaled@printed,EQ,3-methylbutanitrile,15,True,
VALID_V0-unscaled@printed,EQ,3-methylheptane,26,True,
VALID_V0-unscaled@printed,EQ,3-methylhexane,23,True,
VALID_V0-unscaled@printed,EQ,3-methylpentane,20,True,
VALID_V0-unscaled@printed,EQ,3-methylpyridine,14,True,
VALID_V0-unscaled@printed,EQ,3-octyne,22,True,
VALID_V0-unscaled@printed,EQ,3.3-dimethylhexane,26,True,
VALID_V0-unscaled@printed,EQ,3.3-dimethyloxetane,16,True,
VALID_V0-unscaled@printed,EQ,3.3-dimethylpentane,23,True,
VALID_V0-unscaled@printed,EQ,3.4-dimethylhexane,26,True,
VALID_V0-unscaled@printed,EQ,3.4-dimethylpyridine,17,True,
VALID_V0-unscaled@printed,EQ,3.5-dimethylpyridine,17,True,
VALID_V0-unscaled@printed,EQ,4-methylheptane,26,True,
VALID_V0-unscaled@printed,EQ,4-methylpyridine,14,True,
VALID_V0-unscaled@printed,EQ,Butyl_acetate,20,True,
VALID_V0-unscaled@printed,EQ,C6F6,12,True,
VALID_V0-unscaled@printed,EQ,CF4,5,True,
VALID_V0-unscaled@printed,EQ,CH2F2,5,True,
VALID_V0-unscaled@printed,EQ,CH3F,5,True,
VALID_V0-unscaled@printed,EQ,CO,2,True,
VALID_V0-unscaled@printed,EQ,CO2,3,True,
VALID_V0-unscaled@printed,EQ,Diketene,10,True,
VALID_V0-unscaled@printed,EQ,Ethyl_2-methylpropanoate,20,True,
VALID_V0-unscaled@printed,EQ,Ethyl_acetate,14,True,
VALID_V0-unscaled@printed,EQ,Ethyl_butanoate,20,True,
VALID_V0-unscaled@printed,EQ,Ethyl_formate,11,True,
VALID_V0-unscaled@printed,EQ,F2N-NF2,6,True,
VALID_V0-unscaled@printed,EQ,F2O,3,True,
VALID_V0-unscaled@printed,EQ,F3C-CN,6,True,
VALID_V0-unscaled@printed,EQ,F3C-O-O-CF3,10,True,
VALID_V0-unscaled@printed,EQ,FCCF,4,True,
VALID_V0-unscaled@printed,EQ,Furane,9,True,
VALID_V0-unscaled@printed,EQ,H2N-NO2,6,True,
VALID_V0-unscaled@printed,EQ,H2O2,4,True,
VALID_V0-unscaled@printed,EQ,H3C-NF2,7,True,
VALID_V0-unscaled@printed,EQ,HCF,3,True,
VALID_V0-unscaled@printed,EQ,HF,2,True,
VALID_V0-unscaled@printed,EQ,HNO,3,True,
VALID_V0-unscaled@printed,EQ,HNO3,5,True,
VALID_V0-unscaled@printed,EQ,Isobutane,14,True,
VALID_V0-unscaled@printed,EQ,Isopentane,17,True,
VALID_V0-unscaled@printed,EQ,Methyl_acetate,11,True,
VALID_V0-unscaled@printed,EQ,Methyl_formate,8,True,
VALID_V0-unscaled@printed,EQ,Methyl_propanoate,14,True,
VALID_V0-unscaled@printed,EQ,N.N-dimethylaniline,20,True,
VALID_V0-unscaled@printed,EQ,N2O,3,True,
VALID_V0-unscaled@printed,EQ,NF3,4,True,
VALID_V0-unscaled@printed,EQ,NO,2,True,
VALID_V0-unscaled@printed,EQ,NO2,3,True,
VALID_V0-unscaled@printed,EQ,Neopentane,17,True,
VALID_V0-unscaled@printed,EQ,O2N-CF2-CF2-NO2,12,True,
VALID_V0-unscaled@printed,EQ,Oxetane,10,True,
VALID_V0-unscaled@printed,EQ,Propyl_formate,14,True,
VALID_V0-unscaled@printed,EQ,acetylfluoride,4,True,
VALID_V0-unscaled@printed,EQ,ammonia,4,True,
VALID_V0-unscaled@printed,EQ,anisole,16,True,
VALID_V0-unscaled@printed,EQ,azobutane,28,True,
VALID_V0-unscaled@printed,EQ,azopropane,22,True,
VALID_V0-unscaled@printed,EQ,benzene,12,True,
VALID_V0-unscaled@printed,EQ,benzyl_alcohol,16,True,
VALID_V0-unscaled@printed,EQ,benzylamine,17,True,
VALID_V0-unscaled@printed,EQ,bis_ethoxymethyl_ether,23,True,
VALID_V0-unscaled@printed,EQ,butane,14,True,
VALID_V0-unscaled@printed,EQ,butanenitrile,12,True,
VALID_V0-unscaled@printed,EQ,butyl_ethyl_ether,21,True,
VALID_V0-unscaled@printed,EQ,butyl_formate,17,True,
VALID_V0-unscaled@printed,EQ,butylamine,16,True,
VALID_V0-unscaled@printed,EQ,butylethylamine,22,True,
VALID_V0-unscaled@printed,EQ,cumene,21,True,
VALID_V0-unscaled@printed,EQ,cyanogen,4,True,
VALID_V0-unscaled@printed,EQ,cyclobutanecarbonitrile,13,True,
VALID_V0-unscaled@printed,EQ,cyclohexanecarbonitrile,19,True,
VALID_V0-unscaled@printed,EQ,cyclohexylamine,20,True,
VALID_V0-unscaled@printed,EQ,cyclopentanecarbonitrile,16,True,
VALID_V0-unscaled@printed,EQ,cyclopranecarbonitrile,10,True,
VALID_V0-unscaled@printed,EQ,cyclopropyl_methyl_ketone,14,True,
VALID_V0-unscaled@printed,EQ,diethoxymethane,19,True,
VALID_V0-unscaled@printed,EQ,diethyl_carbonate,18,True,
VALID_V0-unscaled@printed,EQ,difluorotetranitroethane,16,True,
VALID_V0-unscaled@printed,EQ,diisopropyl_ether,21,True,
VALID_V0-unscaled@printed,EQ,diisopropylamine,22,True,
VALID_V0-unscaled@printed,EQ,dimethylamine,10,True,
VALID_V0-unscaled@printed,EQ,dinitrofluoromethane,9,True,
VALID_V0-unscaled@printed,EQ,dipropyl_ether,21,True,
VALID_V0-unscaled@printed,EQ,dipropylamine,22,True,
VALID_V0-unscaled@printed,EQ,ethane,8,True,
VALID_V0-unscaled@printed,EQ,ethyl_isopropyl_ether,18,True,
VALID_V0-unscaled@printed,EQ,ethyl_propanoate,17,True,
VALID_V0-unscaled@printed,EQ,ethylene_glycole_diacetate,20,True,
VALID_V0-unscaled@printed,EQ,ethylene_oxide,7,True,
VALID_V0-unscaled@printed,EQ,ethylisopropylamine,19,True,
VALID_V0-unscaled@printed,EQ,fluoroaceticacid,8,True,
VALID_V0-unscaled@printed,EQ,fluoroacetonitrile,6,True,
VALID_V0-unscaled@printed,EQ,fluorobenzene,12,True,
VALID_V0-unscaled@printed,EQ,fluoroethanol,9,True,
VALID_V0-unscaled@printed,EQ,fluoropentane,17,True,
VALID_V0-unscaled@printed,EQ,guanine,16,True,
VALID_V0-unscaled@printed,EQ,heptane,23,True,
VALID_V0-unscaled@printed,EQ,hexane,20,True,
VALID_V0-unscaled@printed,EQ,hexanitrile,18,True,
VALID_V0-unscaled@printed,EQ,indan,19,True,
VALID_V0-unscaled@printed,EQ,isobutyl_methyl_ether,18,True,
VALID_V0-unscaled@printed,EQ,isobutylamine,16,True,
VALID_V0-unscaled@printed,EQ,isopropyl_acetate,17,True,
VALID_V0-unscaled@printed,EQ,isopropyl_methyl_ether,15,True,
VALID_V0-unscaled@printed,EQ,isopropylamine,13,True,
VALID_V0-unscaled@printed,EQ,isopropylmethylamine,16,True,
VALID_V0-unscaled@printed,EQ,isopropylpropylamine,22,True,
VALID_V0-unscaled@printed,EQ,isoquinoline,17,True,
VALID_V0-unscaled@printed,EQ,m-cresol,16,True,
VALID_V0-unscaled@printed,EQ,m-xylene,18,True,
VALID_V0-unscaled@printed,EQ,methyl_2.2-dimethylpropanoate,20,True,
VALID_V0-unscaled@printed,EQ,methyl_cyclobutanecarboxylate,18,True,
VALID_V0-unscaled@printed,EQ,methyl_cyclopropanecarboxylate,15,True,
VALID_V0-unscaled@printed,EQ,methyl_isobutanoate,17,True,
VALID_V0-unscaled@printed,EQ,methyl_pentanoate,20,True,
VALID_V0-unscaled@printed,EQ,methyl_propyl_ether,15,True,
VALID_V0-unscaled@printed,EQ,methylbutanoate,17,True,
VALID_V0-unscaled@printed,EQ,methylhydrazine,9,True,
VALID_V0-unscaled@printed,EQ,methyltrifluoroacetate,11,True,
VALID_V0-unscaled@printed,EQ,nitrofluorobenzene,14,True,
VALID_V0-unscaled@printed,EQ,o-cresol,16,True,
VALID_V0-unscaled@printed,EQ,o-xylene,18,True,
VALID_V0-unscaled@printed,EQ,octane,26,True,
VALID_V0-unscaled@printed,EQ,octanenitrile,24,True,
VALID_V0-unscaled@printed,EQ,p-cresol,16,True,
VALID_V0-unscaled@printed,EQ,p-xylene,18,True,
VALID_V0-unscaled@printed,EQ,pentane,17,True,
VALID_V0-unscaled@printed,EQ,pentanenitrile,15,True,
VALID_V0-unscaled@printed,EQ,pentylamine,19,False,
VALID_V0-unscaled@printed,EQ,piperidine,17,True,
VALID_V0-unscaled@printed,EQ,propane,11,True,
VALID_V0-unscaled@printed,EQ,propanitrile,9,True,
VALID_V0-unscaled@printed,EQ,propene,9,True,
VALID_V0-unscaled@printed,EQ,propyl_acetate,17,True,
VALID_V0-unscaled@printed,EQ,propyl_propanoate,20,True,
VALID_V0-unscaled@printed,EQ,propylamine,13,True,
VALID_V0-unscaled@printed,EQ,pyridazine,10,True,
VALID_V0-unscaled@printed,EQ,pyridimine,10,True,
VALID_V0-unscaled@printed,EQ,pyrrole,10,True,
VALID_V0-unscaled@printed,EQ,pyrrolidine,14,True,
VALID_V0-unscaled@printed,EQ,quinoline,17,True,
VALID_V0-unscaled@printed,EQ,secbutyl_methyl_ether,18,True,
VALID_V0-unscaled@printed,EQ,secbutylamine,16,True,
VALID_V0-unscaled@printed,EQ,tertbutyl_acetate,20,True,
VALID_V0-unscaled@printed,EQ,tertbutyl_methyl_ether,18,True,
VALID_V0-unscaled@printed,EQ,tertbutylamine,16,True,
VALID_V0-unscaled@printed,EQ,tetrahydropyrane,16,True,
VALID_V0-unscaled@printed,EQ,toluene,15,True,
VALID_V0-unscaled@printed,EQ,trans-3-pentenitrile,13,True,
VALID_V0-unscaled@printed,EQ,triethylamine,22,True,
VALID_V0-unscaled@printed,EQ,trifluoroacetamide,9,True,
VALID_V0-unscaled@printed,EQ,trifluorotrinitroethane,14,True,
VALID_V0-unscaled@printed,EQ,trimethylamine,13,True,
VALID_V0-unscaled@printed,TS,JPCA2003-107-5798-TS17,9,True,
VALID_V0-unscaled@printed,TS,JPCA2003-107-5798-TS18,9,True,
VALID_V0-unscaled@printed,TS,JPCA2003-107-5798-TS19,8,True,
VALID_V0-unscaled@printed,TS,JPCA2003-107-5798-TS20,8,True,
VALID_V0-unscaled@printed,TS,JPCA_2000_104_10526-ts1,5,True,
VALID_V0-unscaled@printed,TS,JPCA_2004_108_5197.txt-ts1,10,True,
VALID_V0-unscaled@printed,TS,JPCA_2004_108_5197.txt-ts10,17,True,
VALID_V0-unscaled@printed,TS,JPCA_2004_108_5197.txt-ts11,17,True,
VALID_V0-unscaled@printed,TS,JPCA_2004_108_5197.txt-ts12,17,True,
VALID_V0-unscaled@printed,TS,JPCA_2004_108_5197.txt-ts13,17,True,
VALID_V0-unscaled@printed,TS,JPCA_2004_108_5197.txt-ts14,17,True,
VALID_V0-unscaled@printed,TS,JPCA_2004_108_5197.txt-ts15,17,True,
VALID_V0-unscaled@printed,TS,JPCA_2004_108_5197.txt-ts16,17,True,
VALID_V0-unscaled@printed,TS,JPCA_2004_108_5197.txt-ts17,17,True,
VALID_V0-unscaled@printed,TS,JPCA_2004_108_5197.txt-ts18,17,True,
VALID_V0-unscaled@printed,TS,JPCA_2004_108_5197.txt-ts19,17,True,
VALID_V0-unscaled@printed,TS,JPCA_2004_108_5197.txt-ts2,13,True,
VALID_V0-unscaled@printed,TS,JPCA_2004_108_5197.txt-ts20,17,True,
VALID_V0-unscaled@printed,TS,JPCA_2004_108_5197.txt-ts21,17,True,
VALID_V0-unscaled@printed,TS,JPCA_2004_108_5197.txt-ts22,17,True,
VALID_V0-unscaled@printed,TS,JPCA_2004_108_5197.txt-ts23,17,True,
VALID_V0-unscaled@printed,TS,JPCA_2004_108_5197.txt-ts24,17,True,
VALID_V0-unscaled@printed,TS,JPCA_2004_108_5197.txt-ts25,17,True,
VALID_V0-unscaled@printed,TS,JPCA_2004_108_5197.txt-ts26,17,True,
VALID_V0-unscaled@printed,TS,JPCA_2004_108_5197.txt-ts27,30,True,
VALID_V0-unscaled@printed,TS,JPCA_2004_108_5197.txt-ts28,30,True,
VALID_V0-unscaled@printed,TS,JPCA_2004_108_5197.txt-ts29,30,True,
VALID_V0-unscaled@printed,TS,JPCA_2004_108_5197.txt-ts3,13,True,
VALID_V0-unscaled@printed,TS,JPCA_2004_108_5197.txt-ts30,30,True,
VALID_V0-unscaled@printed,TS,JPCA_2004_108_5197.txt-ts31,30,True,
VALID_V0-unscaled@printed,TS,JPCA_2004_108_5197.txt-ts32,30,True,
VALID_V0-unscaled@printed,TS,JPCA_2004_108_5197.txt-ts33,30,False,
VALID_V0-unscaled@printed,TS,JPCA_2004_108_5197.txt-ts34,30,True,
VALID_V0-unscaled@printed,TS,JPCA_2004_108_5197.txt-ts36,30,True,
VALID_V0-unscaled@printed,TS,JPCA_2004_108_5197.txt-ts37,30,True,
VALID_V0-unscaled@printed,TS,JPCA_2004_108_5197.txt-ts38,30,True,
VALID_V0-unscaled@printed,TS,JPCA_2004_108_5197.txt-ts39,30,True,
VALID_V0-unscaled@printed,TS,JPCA_2004_108_5197.txt-ts40,30,True,
VALID_V0-unscaled@printed,TS,JPCA_2004_108_5197.txt-ts41,30,True,
VALID_V0-unscaled@printed,TS,JPCA_2004_108_5197.txt-ts42,30,True,
VALID_V0-unscaled@printed,TS,JPCA_2004_108_5197.txt-ts43,30,True,
VALID_V0-unscaled@printed,TS,JPCA_2004_108_5197.txt-ts44,30,True,
VALID_V0-unscaled@printed,TS,JPCA_2004_108_5197.txt-ts45,30,True,
VALID_V0-unscaled@printed,TS,JPCA_2004_108_5197.txt-ts46,30,True,
VALID_V0-unscaled@printed,TS,JPCA_2004_108_5197.txt-ts5,13,True,
VALID_V0-unscaled@printed,TS,JPCA_2004_108_5197.txt-ts6,13,True,
VALID_V0-unscaled@printed,TS,JPCA_2004_108_5197.txt-ts7,13,True,
VALID_V0-unscaled@printed,TS,JPCA_2004_108_5197.txt-ts8,17,True,
VALID_V0-unscaled@printed,TS,JPCA_2004_108_5197.txt-ts9,17,True,
VALID_V0-unscaled@printed,TS,JPCA_2005_109_10794-TS2,7,True,
VALID_V0-unscaled@printed,TS,JPCA_2005_109_10794-TS3,7,True,
VALID_V0-unscaled@printed,TS,JPCA_2005_109_4829-TS1,18,True,
VALID_V0-unscaled@printed,TS,JPCA_2005_109_4829-TS2,16,True,
VALID_V0-unscaled@printed,TS,JPCA_2005_109_4829-TS3,16,True,
VALID_V0-unscaled@printed,TS,JPCA_2005_109_4829-TS4,14,True,
VALID_V0-scaled@printed,EQ,1-butene,12,True,
VALID_V0-scaled@printed,EQ,1-butyne,10,True,
VALID_V0-scaled@printed,EQ,1-decene,30,True,
VALID_V0-scaled@printed,EQ,1-hexene,18,True,
VALID_V0-scaled@printed,EQ,1-octene,24,True,
VALID_V0-scaled@printed,EQ,2-methoxyethanol,13,True,
VALID_V0-scaled@printed,EQ,2-methyl_2-butanol,18,True,
VALID_V0-scaled@printed,EQ,2-methylheptane,26,True,
VALID_V0-scaled@printed,EQ,2-methylhexane,23,True,
VALID_V0-scaled@printed,EQ,2-methylpentane,20,True,
VALID_V0-scaled@printed,EQ,2-methylpropanenitrile,12,True,
VALID_V0-scaled@printed,EQ,2-methylpyridine,14,True,
VALID_V0-scaled@printed,EQ,2-oxetanone,9,True,
VALID_V0-scaled@printed,EQ,2.2-dimethylbutane,20,True,
VALID_V0-scaled@printed,EQ,2.2-dimethylhexane,26,True,
VALID_V0-scaled@printed,EQ,2.2-dimethylpentane,23,True,
VALID_V0-scaled@printed,EQ,2.2-dimethylpropanitrile,15,True,
VALID_V0-scaled@printed,EQ,2.2.3-trimethylbutane,23,True,
VALID_V0-scaled@printed,EQ,2.2.3-trimethylpentane,26,True,
VALID_V0-scaled@printed,EQ,2.2.3.3-tetramethylbutane,26,True,
VALID_V0-scaled@printed,EQ,2.2.4-trimethylpentane,26,True,
VALID_V0-scaled@printed,EQ,2.3-dimethylbutane,20,True,
VALID_V0-scaled@printed,EQ,2.3-dimethylhexane,26,True,
VALID_V0-scaled@printed,EQ,2.3-dimethylpentane,23,True,
VALID_V0-scaled@printed,EQ,2.3-dimethylpyridine,17,True,
VALID_V0-scaled@printed,EQ,2.3.3-trimethylpentane,26,True,
VALID_V0-scaled@printed,EQ,2.3.4-trimethylpentane,26,True,
VALID_V0-scaled@printed,EQ,2.3.6-trimethylpyridine,20,True,
VALID_V0-scaled@printed,EQ,2.4-dimethylhexane,26,True,
VALID_V0-scaled@printed,EQ,2.4-dimethylpentane,23,True,
VALID_V0-scaled@printed,EQ,2.4-dimethylpyridine,17,True,
VALID_V0-scaled@printed,EQ,2.4.6-trimethylpyridine,20,True,
VALID_V0-scaled@printed,EQ,2.5-dimethylhexane,26,True,
VALID_V0-scaled@printed,EQ,2.6-dimethylpyridine,17,True,
VALID_V0-scaled@printed,EQ,2_5-difluorotoluene,15,True,
VALID_V0-scaled@printed,EQ,2_propoxyethanol,19,True,
VALID_V0-scaled@printed,EQ,3-ethyl-2-methylpentane,26,True,
VALID_V0-scaled@printed,EQ,3-ethyl-3-methylpentane,29,True,
VALID_V0-scaled@printed,EQ,3-ethylhexane,26,True,
VALID_V0-scaled@printed,EQ,3-ethylpentane,23,True,
VALID_V0-scaled@printed,EQ,3-methylbutanitrile,15,True,
VALID_V0-scaled@printed,EQ,3-methylheptane,26,True,
VALID_V0-scaled@printed,EQ,3-methylhexane,23,True,
VALID_V0-scaled@printed,EQ,3-methylpentane,20,True,
VALID_V0-scaled@printed,EQ,3-methylpyridine,14,True,
VALID_V0-scaled@printed,EQ,3-octyne,22,True,
VALID_V0-scaled@printed,EQ,3.3-dimethylhexane,26,True,
VALID_V0-scaled@printed,EQ,3.3-dimethyloxetane,16,True,
VALID_V0-scaled@printed,EQ,3.3-dimethylpentane,23,True,
VALID_V0-scaled@printed,EQ,3.4-dimethylhexane,26,True,
VALID_V0-scaled@printed,EQ,3.4-dimethylpyridine,17,True,
VALID_V0-scaled@printed,EQ,3.5-dimethylpyridine,17,True,
VALID_V0-scaled@printed,EQ,4-methylheptane,26,True,
VALID_V0-scaled@printed,EQ,4-methylpyridine,14,True,
VALID_V0-scaled@printed,EQ,Butyl_acetate,20,True,
VALID_V0-scaled@printed,EQ,C6F6,12,True,
VALID_V0-scaled@printed,EQ,CF4,5,True,
VALID_V0-scaled@printed,EQ,CH2F2,5,True,
VALID_V0-scaled@printed,EQ,CH3F,5,True,
VALID_V0-scaled@printed,EQ,CO,2,True,
VALID_V0-scaled@printed,EQ,CO2,3,True,
VALID_V0-scaled@printed,EQ,Diketene,10,True,
VALID_V0-scaled@printed,EQ,Ethyl_2-methylpropanoate,20,True,
VALID_V0-scaled@printed,EQ,Ethyl_acetate,14,True,
VALID_V0-scaled@printed,EQ,Ethyl_butanoate,20,True,
VALID_V0-scaled@printed,EQ,Ethyl_formate,11,True,
VALID_V0-scaled@printed,EQ,F2N-NF2,6,True,
VALID_V0-scaled@printed,EQ,F2O,3,True,
VALID_V0-scaled@printed,EQ,F3C-CN,6,True,
VALID_V0-scaled@printed,EQ,F3C-O-O-CF3,10,True,
VALID_V0-scaled@printed,EQ,FCCF,4,True,
VALID_V0-scaled@printed,EQ,Furane,9,True,
VALID_V0-scaled@printed,EQ,H2N-NO2,6,True,
VALID_V0-scaled@printed,EQ,H2O2,4,True,
VALID_V0-scaled@printed,EQ,H3C-NF2,7,True,
VALID_V0-scaled@printed,EQ,HCF,3,True,
VALID_V0-scaled@printed,EQ,HF,2,True,
VALID_V0-scaled@printed,EQ,HNO,3,True,
VALID_V0-scaled@printed,EQ,HNO3,5,True,
VALID_V0-scaled@printed,EQ,Isobutane,14,True,
VALID_V0-scaled@printed,EQ,Isopentane,17,True,
VALID_V0-scaled@printed,EQ,Methyl_acetate,11,True,
VALID_V0-scaled@printed,EQ,Methyl_formate,8,True,
VALID_V0-scaled@printed,EQ,Methyl_propanoate,14,True,
VALID_V0-scaled@printed,EQ,N.N-dimethylaniline,20,True,
VALID_V0-scaled@printed,EQ,N2O,3,True,
VALID_V0-scaled@printed,EQ,NF3,4,True,
VALID_V0-scaled@printed,EQ,NO,2,True,
VALID_V0-scaled@printed,EQ,NO2,3,True,
VALID_V0-scaled@printed,EQ,Neopentane,17,True,
VALID_V0-scaled@printed,EQ,O2N-CF2-CF2-NO2,12,True,
VALID_V0-scaled@printed,EQ,Oxetane,10,True,
VALID_V0-scaled@printed,EQ,Propyl_formate,14,True,
VALID_V0-scaled@printed,EQ,acetylfluoride,4,True,
VALID_V0-scaled@printed,EQ,ammonia,4,True,
VALID_V0-scaled@printed,EQ,anisole,16,True,
VALID_V0-scaled@printed,EQ,azobutane,28,True,
VALID_V0-scaled@printed,EQ,azopropane,22,True,
VALID_V0-scaled@printed,EQ,benzene,12,True,
VALID_V0-scaled@printed,EQ,benzyl_alcohol,16,True,
VALID_V0-scaled@printed,EQ,benzylamine,17,True,
VALID_V0-scaled@printed,EQ,bis_ethoxymethyl_ether,23,True,
VALID_V0-scaled@printed,EQ,butane,14,True,
VALID_V0-scaled@printed,EQ,butanenitrile,12,True,
VALID_V0-scaled@printed,EQ,butyl_ethyl_ether,21,True,
VALID_V0-scaled@printed,EQ,butyl_formate,17,True,
VALID_V0-scaled@printed,EQ,butylamine,16,True,
VALID_V0-scaled@printed,EQ,butylethylamine,22,True,
VALID_V0-scaled@printed,EQ,cumene,21,True,
VALID_V0-scaled@printed,EQ,cyanogen,4,True,
VALID_V0-scaled@printed,EQ,cyclobutanecarbonitrile,13,True,
VALID_V0-scaled@printed,EQ,cyclohexanecarbonitrile,19,True,
VALID_V0-scaled@printed,EQ,cyclohexylamine,20,True,
VALID_V0-scaled@printed,EQ,cyclopentanecarbonitrile,16,True,
VALID_V0-scaled@printed,EQ,cyclopranecarbonitrile,10,True,
VALID_V0-scaled@printed,EQ,cyclopropyl_methyl_ketone,14,True,
VALID_V0-scaled@printed,EQ,diethoxymethane,19,True,
VALID_V0-scaled@printed,EQ,diethyl_carbonate,18,True,
VALID_V0-scaled@printed,EQ,difluorotetranitroethane,16,True,
VALID_V0-scaled@printed,EQ,diisopropyl_ether,21,True,
VALID_V0-scaled@printed,EQ,diisopropylamine,22,True,
VALID_V0-scaled@printed,EQ,dimethylamine,10,True,
VALID_V0-scaled@printed,EQ,dinitrofluoromethane,9,True,
VALID_V0-scaled@printed,EQ,dipropyl_ether,21,True,
VALID_V0-scaled@printed,EQ,dipropylamine,22,True,
VALID_V0-scaled@printed,EQ,ethane,8,True,
VALID_V0-scaled@printed,EQ,ethyl_isopropyl_ether,18,True,
VALID_V0-scaled@printed,EQ,ethyl_propanoate,17,True,
VALID_V0-scaled@printed,EQ,ethylene_glycole_diacetate,20,True,
VALID_V0-scaled@printed,EQ,ethylene_oxide,7,True,
VALID_V0-scaled@printed,EQ,ethylisopropylamine,19,True,
VALID_V0-scaled@printed,EQ,fluoroaceticacid,8,True,
VALID_V0-scaled@printed,EQ,fluoroacetonitrile,6,True,
VALID_V0-scaled@printed,EQ,fluorobenzene,12,True,
VALID_V0-scaled@printed,EQ,fluoroethanol,9,True,
VALID_V0-scaled@printed,EQ,fluoropentane,17,True,
VALID_V0-scaled@printed,EQ,guanine,16,True,
VALID_V0-scaled@printed,EQ,heptane,23,True,
VALID_V0-scaled@printed,EQ,hexane,20,True,
VALID_V0-scaled@printed,EQ,hexanitrile,18,True,
VALID_V0-scaled@printed,EQ,indan,19,True,
VALID_V0-scaled@printed,EQ,isobutyl_methyl_ether,18,True,
VALID_V0-scaled@printed,EQ,isobutylamine,16,True,
VALID_V0-scaled@printed,EQ,isopropyl_acetate,17,True,
VALID_V0-scaled@printed,EQ,isopropyl_methyl_ether,15,True,
VALID_V0-scaled@printed,EQ,isopropylamine,13,True,
VALID_V0-scaled@printed,EQ,isopropylmethylamine,16,True,
VALID_V0-scaled@printed,EQ,isopropylpropylamine,22,True,
VALID_V0-scaled@printed,EQ,isoquinoline,17,True,
VALID_V0-scaled@printed,EQ,m-cresol,16,True,
VALID_V0-scaled@printed,EQ,m-xylene,18,True,
VALID_V0-scaled@printed,EQ,methyl_2.2-dimethylpropanoate,20,True,
VALID_V0-scaled@printed,EQ,methyl_cyclobutanecarboxylate,18,True,
VALID_V0-scaled@printed,EQ,methyl_cyclopropanecarboxylate,15,True,
VALID_V0-scaled@printed,EQ,methyl_isobutanoate,17,True,
VALID_V0-scaled@printed,EQ,methyl_pentanoate,20,True,
VALID_V0-scaled@printed,EQ,methyl_propyl_ether,15,True,
VALID_V0-scaled@printed,EQ,methylbutanoate,17,True,
VALID_V0-scaled@printed,EQ,methylhydrazine,9,True,
VALID_V0-scaled@printed,EQ,methyltrifluoroacetate,11,True,
VALID_V0-scaled@printed,EQ,nitrofluorobenzene,14,True,
VALID_V0-scaled@printed,EQ,o-cresol,16,True,
VALID_V0-scaled@printed,EQ,o-xylene,18,True,
VALID_V0-scaled@printed,EQ,octane,26,True,
VALID_V0-scaled@printed,EQ,octanenitrile,24,True,
VALID_V0-scaled@printed,EQ,p-cresol,16,True,
VALID_V0-scaled@printed,EQ,p-xylene,18,True,
VALID_V0-scaled@printed,EQ,pentane,17,True,
VALID_V0-scaled@printed,EQ,pentanenitrile,15,True,
VALID_V0-scaled@printed,EQ,pentylamine,19,True,
VALID_V0-scaled@printed,EQ,piperidine,17,True,
VALID_V0-scaled@printed,EQ,propane,11,True,
VALID_V0-scaled@printed,EQ,propanitrile,9,True,
VALID_V0-scaled@printed,EQ,propene,9,True,
VALID_V0-scaled@printed,EQ,propyl_acetate,17,True,
VALID_V0-scaled@printed,EQ,propyl_propanoate,20,True,
VALID_V0-scaled@printed,EQ,propylamine,13,True,
VALID_V0-scaled@printed,EQ,pyridazine,10,True,
VALID_V0-scaled@printed,EQ,pyridimine,10,True,
VALID_V0-scaled@printed,EQ,pyrrole,10,True,
VALID_V0-scaled@printed,EQ,pyrrolidine,14,True,
VALID_V0-scaled@printed,EQ,quinoline,17,True,
VALID_V0-scaled@printed,EQ,secbutyl_methyl_ether,18,True,
VALID_V0-scaled@printed,EQ,secbutylamine,16,True,
VALID_V0-scaled@printed,EQ,tertbutyl_acetate,20,True,
VALID_V0-scaled@printed,EQ,tertbutyl_methyl_ether,18,True,
VALID_V0-scaled@printed,EQ,tertbutylamine,16,True,
VALID_V0-scaled@printed,EQ,tetrahydropyrane,16,True,
VALID_V0-scaled@printed,EQ,toluene,15,True,
VALID_V0-scaled@printed,EQ,trans-3-pentenitrile,13,True,
VALID_V0-scaled@printed,EQ,triethylamine,22,True,
VALID_V0-scaled@printed,EQ,trifluoroacetamide,9,True,
VALID_V0-scaled@printed,EQ,trifluorotrinitroethane,14,True,
VALID_V0-scaled@printed,EQ,trimethylamine,13,True,
VALID_V0-scaled@printed,TS,JPCA2003-107-5798-TS17,9,True,
VALID_V0-scaled@printed,TS,JPCA2003-107-5798-TS18,9,True,
VALID_V0-scaled@printed,TS,JPCA2003-107-5798-TS19,8,True,
VALID_V0-scaled@printed,TS,JPCA2003-107-5798-TS20,8,True,
VALID_V0-scaled@printed,TS,JPCA_2000_104_10526-ts1,5,True,
VALID_V0-scaled@printed,TS,JPCA_2004_108_5197.txt-ts1,10,True,
VALID_V0-scaled@printed,TS,JPCA_2004_108_5197.txt-ts10,17,True,
VALID_V0-scaled@printed,TS,JPCA_2004_108_5197.txt-ts11,17,True,
VALID_V0-scaled@printed,TS,JPCA_2004_108_5197.txt-ts12,17,True,
VALID_V0-scaled@printed,TS,JPCA_2004_108_5197.txt-ts13,17,True,
VALID_V0-scaled@printed,TS,JPCA_2004_108_5197.txt-ts14,17,True,
VALID_V0-scaled@printed,TS,JPCA_2004_108_5197.txt-ts15,17,True,
VALID_V0-scaled@printed,TS,JPCA_2004_108_5197.txt-ts16,17,True,
VALID_V0-scaled@printed,TS,JPCA_2004_108_5197.txt-ts17,17,True,
VALID_V0-scaled@printed,TS,JPCA_2004_108_5197.txt-ts18,17,True,
VALID_V0-scaled@printed,TS,JPCA_2004_108_5197.txt-ts19,17,True,
VALID_V0-scaled@printed,TS,JPCA_2004_108_5197.txt-ts2,13,True,
VALID_V0-scaled@printed,TS,JPCA_2004_108_5197.txt-ts20,17,True,
VALID_V0-scaled@printed,TS,JPCA_2004_108_5197.txt-ts21,17,True,
VALID_V0-scaled@printed,TS,JPCA_2004_108_5197.txt-ts22,17,True,
VALID_V0-scaled@printed,TS,JPCA_2004_108_5197.txt-ts23,17,True,
VALID_V0-scaled@printed,TS,JPCA_2004_108_5197.txt-ts24,17,True,
VALID_V0-scaled@printed,TS,JPCA_2004_108_5197.txt-ts25,17,True,
VALID_V0-scaled@printed,TS,JPCA_2004_108_5197.txt-ts26,17,True,
VALID_V0-scaled@printed,TS,JPCA_2004_108_5197.txt-ts27,30,True,
VALID_V0-scaled@printed,TS,JPCA_2004_108_5197.txt-ts28,30,True,
VALID_V0-scaled@printed,TS,JPCA_2004_108_5197.txt-ts29,30,True,
VALID_V0-scaled@printed,TS,JPCA_2004_108_5197.txt-ts3,13,True,
VALID_V0-scaled@printed,TS,JPCA_2004_108_5197.txt-ts30,30,True,
VALID_V0-scaled@printed,TS,JPCA_2004_108_5197.txt-ts31,30,True,
VALID_V0-scaled@printed,TS,JPCA_2004_108_5197.txt-ts32,30,True,
VALID_V0-scaled@printed,TS,JPCA_2004_108_5197.txt-ts33,30,True,
VALID_V0-scaled@printed,TS,JPCA_2004_108_5197.txt-ts34,30,True,
VALID_V0-scaled@printed,TS,JPCA_2004_108_5197.txt-ts36,30,True,
VALID_V0-scaled@printed,TS,JPCA_2004_108_5197.txt-ts37,30,True,
VALID_V0-scaled@printed,TS,JPCA_2004_108_5197.txt-ts38,30,True,
VALID_V0-scaled@printed,TS,JPCA_2004_108_5197.txt-ts39,30,True,
VALID_V0-scaled@printed,TS,JPCA_2004_108_5197.txt-ts40,30,True,
VALID_V0-scaled@printed,TS,JPCA_2004_108_5197.txt-ts41,30,True,
VALID_V0-scaled@printed,TS,JPCA_2004_108_5197.txt-ts42,30,True,
VALID_V0-scaled@printed,TS,JPCA_2004_108_5197.txt-ts43,30,True,
VALID_V0-scaled@printed,TS,JPCA_2004_108_5197.txt-ts44,30,True,
VALID_V0-scaled@printed,TS,JPCA_2004_108_5197.txt-ts45,30,True,
VALID_V0-scaled@printed,TS,JPCA_2004_108_5197.txt-ts46,30,True,
VALID_V0-scaled@printed,TS,JPCA_2004_108_5197.txt-ts5,13,True,
VALID_V0-scaled@printed,TS,JPCA_2004_108_5197.txt-ts6,13,True,
VALID_V0-scaled@printed,TS,JPCA_2004_108_5197.txt-ts7,13,True,
VALID_V0-scaled@printed,TS,JPCA_2004_108_5197.txt-ts8,17,True,
VALID_V0-scaled@printed,TS,JPCA_2004_108_5197.txt-ts9,17,True,
VALID_V0-scaled@printed,TS,JPCA_2005_109_10794-TS2,7,True,
VALID_V0-scaled@printed,TS,JPCA_2005_109_10794-TS3,7,True,
VALID_V0-scaled@printed,TS,JPCA_2005_109_4829-TS1,18,True,
VALID_V0-scaled@printed,TS,JPCA_2005_109_4829-TS2,16,True,
VALID_V0-scaled@printed,TS,JPCA_2005_109_4829-TS3,16,True,
VALID_V0-scaled@printed,TS,JPCA_2005_109_4829-TS4,14,True,
COMMON_VALID,EQ,1-butene,12,True,
COMMON_VALID,EQ,1-butyne,10,True,
COMMON_VALID,EQ,1-decene,30,True,
COMMON_VALID,EQ,1-hexene,18,True,
COMMON_VALID,EQ,1-octene,24,True,
COMMON_VALID,EQ,2-methoxyethanol,13,True,
COMMON_VALID,EQ,2-methyl_2-butanol,18,True,
COMMON_VALID,EQ,2-methylheptane,26,True,
COMMON_VALID,EQ,2-methylhexane,23,True,
COMMON_VALID,EQ,2-methylpentane,20,True,
COMMON_VALID,EQ,2-methylpropanenitrile,12,True,
COMMON_VALID,EQ,2-methylpyridine,14,True,
COMMON_VALID,EQ,2-oxetanone,9,True,
COMMON_VALID,EQ,2.2-dimethylbutane,20,True,
COMMON_VALID,EQ,2.2-dimethylhexane,26,True,
COMMON_VALID,EQ,2.2-dimethylpentane,23,True,
COMMON_VALID,EQ,2.2-dimethylpropanitrile,15,True,
COMMON_VALID,EQ,2.2.3-trimethylbutane,23,True,
COMMON_VALID,EQ,2.2.3-trimethylpentane,26,True,
COMMON_VALID,EQ,2.2.3.3-tetramethylbutane,26,True,
COMMON_VALID,EQ,2.2.4-trimethylpentane,26,True,
COMMON_VALID,EQ,2.3-dimethylbutane,20,True,
COMMON_VALID,EQ,2.3-dimethylhexane,26,True,
COMMON_VALID,EQ,2.3-dimethylpentane,23,True,
COMMON_VALID,EQ,2.3-dimethylpyridine,17,True,
COMMON_VALID,EQ,2.3.3-trimethylpentane,26,True,
COMMON_VALID,EQ,2.3.4-trimethylpentane,26,True,
COMMON_VALID,EQ,2.3.6-trimethylpyridine,20,True,
COMMON_VALID,EQ,2.4-dimethylhexane,26,True,
COMMON_VALID,EQ,2.4-dimethylpentane,23,True,
COMMON_VALID,EQ,2.4-dimethylpyridine,17,True,
COMMON_VALID,EQ,2.4.6-trimethylpyridine,20,True,
COMMON_VALID,EQ,2.5-dimethylhexane,26,True,
COMMON_VALID,EQ,2.6-dimethylpyridine,17,True,
COMMON_VALID,EQ,2_5-difluorotoluene,15,True,
COMMON_VALID,EQ,2_propoxyethanol,19,True,
COMMON_VALID,EQ,3-ethyl-2-methylpentane,26,True,
COMMON_VALID,EQ,3-ethyl-3-methylpentane,29,True,
COMMON_VALID,EQ,3-ethylhexane,26,True,
COMMON_VALID,EQ,3-ethylpentane,23,True,
COMMON_VALID,EQ,3-methylbutanitrile,15,True,
COMMON_VALID,EQ,3-methylheptane,26,True,
COMMON_VALID,EQ,3-methylhexane,23,True,
COMMON_VALID,EQ,3-methylpentane,20,True,
COMMON_VALID,EQ,3-methylpyridine,14,True,
COMMON_VALID,EQ,3-octyne,22,True,
COMMON_VALID,EQ,3.3-dimethylhexane,26,True,
COMMON_VALID,EQ,3.3-dimethyloxetane,16,True,
COMMON_VALID,EQ,3.3-dimethylpentane,23,True,
COMMON_VALID,EQ,3.4-dimethylhexane,26,True,
COMMON_VALID,EQ,3.4-dimethylpyridine,17,True,
COMMON_VALID,EQ,3.5-dimethylpyridine,17,True,
COMMON_VALID,EQ,4-methylheptane,26,True,
COMMON_VALID,EQ,4-methylpyridine,14,True,
COMMON_VALID,EQ,Butyl_acetate,20,True,
COMMON_VALID,EQ,C6F6,12,True,
COMMON_VALID,EQ,CF4,5,True,
COMMON_VALID,EQ,CH2F2,5,True,
COMMON_VALID,EQ,CH3F,5,True,
COMMON_VALID,EQ,CO,2,True,
COMMON_VALID,EQ,CO2,3,True,
COMMON_VALID,EQ,Diketene,10,True,
COMMON_VALID,EQ,Ethyl_2-methylpropanoate,20,True,
COMMON_VALID,EQ,Ethyl_acetate,14,True,
COMMON_VALID,EQ,Ethyl_butanoate,20,True,
COMMON_VALID,EQ,Ethyl_formate,11,True,
COMMON_VALID,EQ,F2N-NF2,6,True,
COMMON_VALID,EQ,F2O,3,True,
COMMON_VALID,EQ,F3C-CN,6,True,
COMMON_VALID,EQ,F3C-O-O-CF3,10,True,
COMMON_VALID,EQ,FCCF,4,True,
COMMON_VALID,EQ,Furane,9,True,
COMMON_VALID,EQ,H2N-NO2,6,True,
COMMON_VALID,EQ,H2O2,4,True,
COMMON_VALID,EQ,H3C-NF2,7,True,
COMMON_VALID,EQ,HCF,3,True,
COMMON_VALID,EQ,HF,2,True,
COMMON_VALID,EQ,HNO,3,True,
COMMON_VALID,EQ,HNO3,5,True,
COMMON_VALID,EQ,Isobutane,14,True,
COMMON_VALID,EQ,Isopentane,17,True,
COMMON_VALID,EQ,Methyl_acetate,11,True,
COMMON_VALID,EQ,Methyl_formate,8,True,
COMMON_VALID,EQ,Methyl_propanoate,14,True,
COMMON_VALID,EQ,N.N-dimethylaniline,20,True,
COMMON_VALID,EQ,N2O,3,True,
COMMON_VALID,EQ,NF3,4,True,
COMMON_VALID,EQ,NO,2,True,
COMMON_VALID,EQ,NO2,3,True,
COMMON_VALID,EQ,Neopentane,17,True,
COMMON_VALID,EQ,O2N-CF2-CF2-NO2,12,True,
COMMON_VALID,EQ,Oxetane,10,True,
COMMON_VALID,EQ,Propyl_formate,14,True,
COMMON_VALID,EQ,acetylfluoride,4,True,
COMMON_VALID,EQ,ammonia,4,True,
COMMON_VALID,EQ,anisole,16,True,
COMMON_VALID,EQ,azobutane,28,True,
COMMON_VALID,EQ,azopropane,22,True,
COMMON_VALID,EQ,benzene,12,True,
COMMON_VALID,EQ,benzyl_alcohol,16,True,
COMMON_VALID,EQ,benzylamine,17,True,
COMMON_VALID,EQ,bis_ethoxymethyl_ether,23,True,
COMMON_VALID,EQ,butane,14,True,
COMMON_VALID,EQ,butanenitrile,12,True,
COMMON_VALID,EQ,butyl_ethyl_ether,21,True,
COMMON_VALID,EQ,butyl_formate,17,True,
COMMON_VALID,EQ,butylamine,16,True,
COMMON_VALID,EQ,butylethylamine,22,True,
COMMON_VALID,EQ,cumene,21,True,
COMMON_VALID,EQ,cyanogen,4,True,
COMMON_VALID,EQ,cyclobutanecarbonitrile,13,True,
COMMON_VALID,EQ,cyclohexanecarbonitrile,19,True,
COMMON_VALID,EQ,cyclohexylamine,20,True,
COMMON_VALID,EQ,cyclopentanecarbonitrile,16,True,
COMMON_VALID,EQ,cyclopranecarbonitrile,10,True,
COMMON_VALID,EQ,cyclopropyl_methyl_ketone,14,True,
COMMON_VALID,EQ,diethoxymethane,19,True,
COMMON_VALID,EQ,diethyl_carbonate,18,True,
COMMON_VALID,EQ,difluorotetranitroethane,16,True,
COMMON_VALID,EQ,diisopropyl_ether,21,True,
COMMON_VALID,EQ,diisopropylamine,22,True,
COMMON_VALID,EQ,dimethylamine,10,True,
COMMON_VALID,EQ,dinitrofluoromethane,9,True,
COMMON_VALID,EQ,dipropyl_ether,21,True,
COMMON_VALID,EQ,dipropylamine,22,True,
COMMON_VALID,EQ,ethane,8,True,
COMMON_VALID,EQ,ethyl_isopropyl_ether,18,True,
COMMON_VALID,EQ,ethyl_propanoate,17,True,
COMMON_VALID,EQ,ethylene_glycole_diacetate,20,True,
COMMON_VALID,EQ,ethylene_oxide,7,True,
COMMON_VALID,EQ,ethylisopropylamine,19,True,
COMMON_VALID,EQ,fluoroaceticacid,8,True,
COMMON_VALID,EQ,fluoroacetonitrile,6,True,
COMMON_VALID,EQ,fluorobenzene,12,True,
COMMON_VALID,EQ,fluoroethanol,9,True,
COMMON_VALID,EQ,fluoropentane,17,True,
COMMON_VALID,EQ,guanine,16,True,
COMMON_VALID,EQ,heptane,23,True,
COMMON_VALID,EQ,hexane,20,True,
COMMON_VALID,EQ,hexanitrile,18,True,
COMMON_VALID,EQ,indan,19,True,
COMMON_VALID,EQ,isobutyl_methyl_ether,18,True,
COMMON_VALID,EQ,isobutylamine,16,True,
COMMON_VALID,EQ,isopropyl_acetate,17,True,
COMMON_VALID,EQ,isopropyl_methyl_ether,15,True,
COMMON_VALID,EQ,isopropylamine,13,True,
COMMON_VALID,EQ,isopropylmethylamine,16,True,
COMMON_VALID,EQ,isopropylpropylamine,22,True,
COMMON_VALID,EQ,isoquinoline,17,True,
COMMON_VALID,EQ,m-cresol,16,True,
COMMON_VALID,EQ,m-xylene,18,True,
COMMON_VALID,EQ,methyl_2.2-dimethylpropanoate,20,True,
COMMON_VALID,EQ,methyl_cyclobutanecarboxylate,18,True,
COMMON_VALID,EQ,methyl_cyclopropanecarboxylate,15,True,
COMMON_VALID,EQ,methyl_isobutanoate,17,True,
COMMON_VALID,EQ,methyl_pentanoate,20,True,
COMMON_VALID,EQ,methyl_propyl_ether,15,True,
COMMON_VALID,EQ,methylbutanoate,17,True,
COMMON_VALID,EQ,methylhydrazine,9,True,
COMMON_VALID,EQ,methyltrifluoroacetate,11,True,
COMMON_VALID,EQ,nitrofluorobenzene,14,True,
COMMON_VALID,EQ,o-cresol,16,True,
COMMON_VALID,EQ,o-xylene,18,True,
COMMON_VALID,EQ,octane,26,True,
COMMON_VALID,EQ,octanenitrile,24,True,
COMMON_VALID,EQ,p-cresol,16,True,
COMMON_VALID,EQ,p-xylene,18,True,
COMMON_VALID,EQ,pentane,17,True,
COMMON_VALID,EQ,pentanenitrile,15,True,
COMMON_VALID,EQ,pentylamine,19,False,
COMMON_VALID,EQ,piperidine,17,True,
COMMON_VALID,EQ,propane,11,True,
COMMON_VALID,EQ,propanitrile,9,True,
COMMON_VALID,EQ,propene,9,True,
COMMON_VALID,EQ,propyl_acetate,17,True,
COMMON_VALID,EQ,propyl_propanoate,20,True,
COMMON_VALID,EQ,propylamine,13,True,
COMMON_VALID,EQ,pyridazine,10,True,
COMMON_VALID,EQ,pyridimine,10,True,
COMMON_VALID,EQ,pyrrole,10,True,
COMMON_VALID,EQ,pyrrolidine,14,True,
COMMON_VALID,EQ,quinoline,17,True,
COMMON_VALID,EQ,secbutyl_methyl_ether,18,True,
COMMON_VALID,EQ,secbutylamine,16,True,
COMMON_VALID,EQ,tertbutyl_acetate,20,True,
COMMON_VALID,EQ,tertbutyl_methyl_ether,18,True,
COMMON_VALID,EQ,tertbutylamine,16,True,
COMMON_VALID,EQ,tetrahydropyrane,16,True,
COMMON_VALID,EQ,toluene,15,True,
COMMON_VALID,EQ,trans-3-pentenitrile,13,True,
COMMON_VALID,EQ,triethylamine,22,True,
COMMON_VALID,EQ,trifluoroacetamide,9,True,
COMMON_VALID,EQ,trifluorotrinitroethane,14,True,
COMMON_VALID,EQ,trimethylamine,13,True,
COMMON_VALID,TS,JPCA2003-107-5798-TS17,9,True,
COMMON_VALID,TS,JPCA2003-107-5798-TS18,9,True,
COMMON_VALID,TS,JPCA2003-107-5798-TS19,8,True,
COMMON_VALID,TS,JPCA2003-107-5798-TS20,8,True,
COMMON_VALID,TS,JPCA_2000_104_10526-ts1,5,True,
COMMON_VALID,TS,JPCA_2004_108_5197.txt-ts1,10,True,
COMMON_VALID,TS,JPCA_2004_108_5197.txt-ts10,17,True,
COMMON_VALID,TS,JPCA_2004_108_5197.txt-ts11,17,True,
COMMON_VALID,TS,JPCA_2004_108_5197.txt-ts12,17,True,
COMMON_VALID,TS,JPCA_2004_108_5197.txt-ts13,17,True,
COMMON_VALID,TS,JPCA_2004_108_5197.txt-ts14,17,True,
COMMON_VALID,TS,JPCA_2004_108_5197.txt-ts15,17,True,
COMMON_VALID,TS,JPCA_2004_108_5197.txt-ts16,17,True,
COMMON_VALID,TS,JPCA_2004_108_5197.txt-ts17,17,True,
COMMON_VALID,TS,JPCA_2004_108_5197.txt-ts18,17,True,
COMMON_VALID,TS,JPCA_2004_108_5197.txt-ts19,17,True,
COMMON_VALID,TS,JPCA_2004_108_5197.txt-ts2,13,True,
COMMON_VALID,TS,JPCA_2004_108_5197.txt-ts20,17,True,
COMMON_VALID,TS,JPCA_2004_108_5197.txt-ts21,17,True,
COMMON_VALID,TS,JPCA_2004_108_5197.txt-ts22,17,True,
COMMON_VALID,TS,JPCA_2004_108_5197.txt-ts23,17,True,
COMMON_VALID,TS,JPCA_2004_108_5197.txt-ts24,17,True,
COMMON_VALID,TS,JPCA_2004_108_5197.txt-ts25,17,True,
COMMON_VALID,TS,JPCA_2004_108_5197.txt-ts26,17,True,
COMMON_VALID,TS,JPCA_2004_108_5197.txt-ts27,30,True,
COMMON_VALID,TS,JPCA_2004_108_5197.txt-ts28,30,True,
COMMON_VALID,TS,JPCA_2004_108_5197.txt-ts29,30,True,
COMMON_VALID,TS,JPCA_2004_108_5197.txt-ts3,13,True,
COMMON_VALID,TS,JPCA_2004_108_5197.txt-ts30,30,True,
COMMON_VALID,TS,JPCA_2004_108_5197.txt-ts31,30,True,
COMMON_VALID,TS,JPCA_2004_108_5197.txt-ts32,30,True,
COMMON_VALID,TS,JPCA_2004_108_5197.txt-ts33,30,False,
COMMON_VALID,TS,JPCA_2004_108_5197.txt-ts34,30,True,
COMMON_VALID,TS,JPCA_2004_108_5197.txt-ts36,30,True,
COMMON_VALID,TS,JPCA_2004_108_5197.txt-ts37,30,True,
COMMON_VALID,TS,JPCA_2004_108_5197.txt-ts38,30,True,
COMMON_VALID,TS,JPCA_2004_108_5197.txt-ts39,30,True,
COMMON_VALID,TS,JPCA_2004_108_5197.txt-ts40,30,True,
COMMON_VALID,TS,JPCA_2004_108_5197.txt-ts41,30,True,
COMMON_VALID,TS,JPCA_2004_108_5197.txt-ts42,30,True,
COMMON_VALID,TS,JPCA_2004_108_5197.txt-ts43,30,True,
COMMON_VALID,TS,JPCA_2004_108_5197.txt-ts44,30,True,
COMMON_VALID,TS,JPCA_2004_108_5197.txt-ts45,30,True,
COMMON_VALID,TS,JPCA_2004_108_5197.txt-ts46,30,True,
COMMON_VALID,TS,JPCA_2004_108_5197.txt-ts5,13,True,
COMMON_VALID,TS,JPCA_2004_108_5197.txt-ts6,13,True,
COMMON_VALID,TS,JPCA_2004_108_5197.txt-ts7,13,True,
COMMON_VALID,TS,JPCA_2004_108_5197.txt-ts8,17,True,
COMMON_VALID,TS,JPCA_2004_108_5197.txt-ts9,17,True,
COMMON_VALID,TS,JPCA_2005_109_10794-TS2,7,True,
COMMON_VALID,TS,JPCA_2005_109_10794-TS3,7,True,
COMMON_VALID,TS,JPCA_2005_109_4829-TS1,18,True,
COMMON_VALID,TS,JPCA_2005_109_4829-TS2,16,True,
COMMON_VALID,TS,JPCA_2005_109_4829-TS3,16,True,
COMMON_VALID,TS,JPCA_2005_109_4829-TS4,14,True,
VALID_V2-scaled@printed,EQ,1-butene,12,True,
VALID_V2-scaled@printed,EQ,1-butyne,10,True,
VALID_V2-scaled@printed,EQ,1-decene,30,True,
VALID_V2-scaled@printed,EQ,1-hexene,18,True,
VALID_V2-scaled@printed,EQ,1-octene,24,True,
VALID_V2-scaled@printed,EQ,2-methoxyethanol,13,True,
VALID_V2-scaled@printed,EQ,2-methyl_2-butanol,18,True,
VALID_V2-scaled@printed,EQ,2-methylheptane,26,True,
VALID_V2-scaled@printed,EQ,2-methylhexane,23,True,
VALID_V2-scaled@printed,EQ,2-methylpentane,20,True,
VALID_V2-scaled@printed,EQ,2-methylpropanenitrile,12,True,
VALID_V2-scaled@printed,EQ,2-methylpyridine,14,True,
VALID_V2-scaled@printed,EQ,2-oxetanone,9,True,
VALID_V2-scaled@printed,EQ,2.2-dimethylbutane,20,True,
VALID_V2-scaled@printed,EQ,2.2-dimethylhexane,26,True,
VALID_V2-scaled@printed,EQ,2.2-dimethylpentane,23,True,
VALID_V2-scaled@printed,EQ,2.2-dimethylpropanitrile,15,True,
VALID_V2-scaled@printed,EQ,2.2.3-trimethylbutane,23,True,
VALID_V2-scaled@printed,EQ,2.2.3-trimethylpentane,26,True,
VALID_V2-scaled@printed,EQ,2.2.3.3-tetramethylbutane,26,True,
VALID_V2-scaled@printed,EQ,2.2.4-trimethylpentane,26,True,
VALID_V2-scaled@printed,EQ,2.3-dimethylbutane,20,True,
VALID_V2-scaled@printed,EQ,2.3-dimethylhexane,26,True,
VALID_V2-scaled@printed,EQ,2.3-dimethylpentane,23,True,
VALID_V2-scaled@printed,EQ,2.3-dimethylpyridine,17,True,
VALID_V2-scaled@printed,EQ,2.3.3-trimethylpentane,26,True,
VALID_V2-scaled@printed,EQ,2.3.4-trimethylpentane,26,True,
VALID_V2-scaled@printed,EQ,2.3.6-trimethylpyridine,20,True,
VALID_V2-scaled@printed,EQ,2.4-dimethylhexane,26,True,
VALID_V2-scaled@printed,EQ,2.4-dimethylpentane,23,True,
VALID_V2-scaled@printed,EQ,2.4-dimethylpyridine,17,True,
VALID_V2-scaled@printed,EQ,2.4.6-trimethylpyridine,20,True,
VALID_V2-scaled@printed,EQ,2.5-dimethylhexane,26,True,
VALID_V2-scaled@printed,EQ,2.6-dimethylpyridine,17,True,
VALID_V2-scaled@printed,EQ,2_5-difluorotoluene,15,True,
VALID_V2-scaled@printed,EQ,2_propoxyethanol,19,True,
VALID_V2-scaled@printed,EQ,3-ethyl-2-methylpentane,26,True,
VALID_V2-scaled@printed,EQ,3-ethyl-3-methylpentane,29,True,
VALID_V2-scaled@printed,EQ,3-ethylhexane,26,True,
VALID_V2-scaled@printed,EQ,3-ethylpentane,23,True,
VALID_V2-scaled@printed,EQ,3-methylbutanitrile,15,True,
VALID_V2-scaled@printed,EQ,3-methylheptane,26,True,
VALID_V2-scaled@printed,EQ,3-methylhexane,23,True,
VALID_V2-scaled@printed,EQ,3-methylpentane,20,True,
VALID_V2-scaled@printed,EQ,3-methylpyridine,14,True,
VALID_V2-scaled@printed,EQ,3-octyne,22,True,
VALID_V2-scaled@printed,EQ,3.3-dimethylhexane,26,True,
VALID_V2-scaled@printed,EQ,3.3-dimethyloxetane,16,True,
VALID_V2-scaled@printed,EQ,3.3-dimethylpentane,23,True,
VALID_V2-scaled@printed,EQ,3.4-dimethylhexane,26,True,
VALID_V2-scaled@printed,EQ,3.4-dimethylpyridine,17,True,
VALID_V2-scaled@printed,EQ,3.5-dimethylpyridine,17,True,
VALID_V2-scaled@printed,EQ,4-methylheptane,26,True,
VALID_V2-scaled@printed,EQ,4-methylpyridine,14,True,
VALID_V2-scaled@printed,EQ,Butyl_acetate,20,True,
VALID_V2-scaled@printed,EQ,C6F6,12,True,
VALID_V2-scaled@printed,EQ,CF4,5,True,
VALID_V2-scaled@printed,EQ,CH2F2,5,True,
VALID_V2-scaled@printed,EQ,CH3F,5,True,
VALID_V2-scaled@printed,EQ,CO,2,True,
VALID_V2-scaled@printed,EQ,CO2,3,True,
VALID_V2-scaled@printed,EQ,Diketene,10,True,
VALID_V2-scaled@printed,EQ,Ethyl_2-methylpropanoate,20,True,
VALID_V2-scaled@printed,EQ,Ethyl_acetate,14,True,
VALID_V2-scaled@printed,EQ,Ethyl_butanoate,20,True,
VALID_V2-scaled@printed,EQ,Ethyl_formate,11,True,
VALID_V2-scaled@printed,EQ,F2N-NF2,6,True,
VALID_V2-scaled@printed,EQ,F2O,3,True,
VALID_V2-scaled@printed,EQ,F3C-CN,6,True,
VALID_V2-scaled@printed,EQ,F3C-O-O-CF3,10,True,
VALID_V2-scaled@printed,EQ,FCCF,4,True,
VALID_V2-scaled@printed,EQ,Furane,9,True,
VALID_V2-scaled@printed,EQ,H2N-NO2,6,True,
VALID_V2-scaled@printed,EQ,H2O2,4,True,
VALID_V2-scaled@printed,EQ,H3C-NF2,7,True,
VALID_V2-scaled@printed,EQ,HCF,3,True,
VALID_V2-scaled@printed,EQ,HF,2,True,
VALID_V2-scaled@printed,EQ,HNO,3,True,
VALID_V2-scaled@printed,EQ,HNO3,5,True,
VALID_V2-scaled@printed,EQ,Isobutane,14,True,
VALID_V2-scaled@printed,EQ,Isopentane,17,True,
VALID_V2-scaled@printed,EQ,Methyl_acetate,11,True,
VALID_V2-scaled@printed,EQ,Methyl_formate,8,True,
VALID_V2-scaled@printed,EQ,Methyl_propanoate,14,True,
VALID_V2-scaled@printed,EQ,N.N-dimethylaniline,20,True,
VALID_V2-scaled@printed,EQ,N2O,3,True,
VALID_V2-scaled@printed,EQ,NF3,4,True,
VALID_V2-scaled@printed,EQ,NO,2,True,
VALID_V2-scaled@printed,EQ,NO2,3,True,
VALID_V2-scaled@printed,EQ,Neopentane,17,True,
VALID_V2-scaled@printed,EQ,O2N-CF2-CF2-NO2,12,True,
VALID_V2-scaled@printed,EQ,Oxetane,10,True,
VALID_V2-scaled@printed,EQ,Propyl_formate,14,True,
VALID_V2-scaled@printed,EQ,acetylfluoride,4,True,
VALID_V2-scaled@printed,EQ,ammonia,4,True,
VALID_V2-scaled@printed,EQ,anisole,16,True,
VALID_V2-scaled@printed,EQ,azobutane,28,True,
VALID_V2-scaled@printed,EQ,azopropane,22,True,
VALID_V2-scaled@printed,EQ,benzene,12,True,
VALID_V2-scaled@printed,EQ,benzyl_alcohol,16,True,
VALID_V2-scaled@printed,EQ,benzylamine,17,True,
VALID_V2-scaled@printed,EQ,bis_ethoxymethyl_ether,23,True,
VALID_V2-scaled@printed,EQ,butane,14,True,
VALID_V2-scaled@printed,EQ,butanenitrile,12,True,
VALID_V2-scaled@printed,EQ,butyl_ethyl_ether,21,True,
VALID_V2-scaled@printed,EQ,butyl_formate,17,True,
VALID_V2-scaled@printed,EQ,butylamine,16,True,
VALID_V2-scaled@printed,EQ,butylethylamine,22,True,
VALID_V2-scaled@printed,EQ,cumene,21,True,
VALID_V2-scaled@printed,EQ,cyanogen,4,True,
VALID_V2-scaled@printed,EQ,cyclobutanecarbonitrile,13,True,
VALID_V2-scaled@printed,EQ,cyclohexanecarbonitrile,19,True,
VALID_V2-scaled@printed,EQ,cyclohexylamine,20,True,
VALID_V2-scaled@printed,EQ,cyclopentanecarbonitrile,16,True,
VALID_V2-scaled@printed,EQ,cyclopranecarbonitrile,10,True,
VALID_V2-scaled@printed,EQ,cyclopropyl_methyl_ketone,14,True,
VALID_V2-scaled@printed,EQ,diethoxymethane,19,True,
VALID_V2-scaled@printed,EQ,diethyl_carbonate,18,True,
VALID_V2-scaled@printed,EQ,difluorotetranitroethane,16,True,
VALID_V2-scaled@printed,EQ,diisopropyl_ether,21,True,
VALID_V2-scaled@printed,EQ,diisopropylamine,22,True,
VALID_V2-scaled@printed,EQ,dimethylamine,10,True,
VALID_V2-scaled@printed,EQ,dinitrofluoromethane,9,True,
VALID_V2-scaled@printed,EQ,dipropyl_ether,21,True,
VALID_V2-scaled@printed,EQ,dipropylamine,22,True,
VALID_V2-scaled@printed,EQ,ethane,8,True,
VALID_V2-scaled@printed,EQ,ethyl_isopropyl_ether,18,True,
VALID_V2-scaled@printed,EQ,ethyl_propanoate,17,True,
VALID_V2-scaled@printed,EQ,ethylene_glycole_diacetate,20,True,
VALID_V2-scaled@printed,EQ,ethylene_oxide,7,True,
VALID_V2-scaled@printed,EQ,ethylisopropylamine,19,True,
VALID_V2-scaled@printed,EQ,fluoroaceticacid,8,True,
VALID_V2-scaled@printed,EQ,fluoroacetonitrile,6,True,
VALID_V2-scaled@printed,EQ,fluorobenzene,12,True,
VALID_V2-scaled@printed,EQ,fluoroethanol,9,True,
VALID_V2-scaled@printed,EQ,fluoropentane,17,True,
VALID_V2-scaled@printed,EQ,guanine,16,True,
VALID_V2-scaled@printed,EQ,heptane,23,True,
VALID_V2-scaled@printed,EQ,hexane,20,True,
VALID_V2-scaled@printed,EQ,hexanitrile,18,True,
VALID_V2-scaled@printed,EQ,indan,19,True,
VALID_V2-scaled@printed,EQ,isobutyl_methyl_ether,18,True,
VALID_V2-scaled@printed,EQ,isobutylamine,16,True,
VALID_V2-scaled@printed,EQ,isopropyl_acetate,17,True,
VALID_V2-scaled@printed,EQ,isopropyl_methyl_ether,15,True,
VALID_V2-scaled@printed,EQ,isopropylamine,13,True,
VALID_V2-scaled@printed,EQ,isopropylmethylamine,16,True,
VALID_V2-scaled@printed,EQ,isopropylpropylamine,22,True,
VALID_V2-scaled@printed,EQ,isoquinoline,17,True,
VALID_V2-scaled@printed,EQ,m-cresol,16,True,
VALID_V2-scaled@printed,EQ,m-xylene,18,True,
VALID_V2-scaled@printed,EQ,methyl_2.2-dimethylpropanoate,20,True,
VALID_V2-scaled@printed,EQ,methyl_cyclobutanecarboxylate,18,True,
VALID_V2-scaled@printed,EQ,methyl_cyclopropanecarboxylate,15,True,
VALID_V2-scaled@printed,EQ,methyl_isobutanoate,17,True,
VALID_V2-scaled@printed,EQ,methyl_pentanoate,20,True,
VALID_V2-scaled@printed,EQ,methyl_propyl_ether,15,True,
VALID_V2-scaled@printed,EQ,methylbutanoate,17,True,
VALID_V2-scaled@printed,EQ,methylhydrazine,9,True,
VALID_V2-scaled@printed,EQ,methyltrifluoroacetate,11,True,
VALID_V2-scaled@printed,EQ,nitrofluorobenzene,14,True,
VALID_V2-scaled@printed,EQ,o-cresol,16,True,
VALID_V2-scaled@printed,EQ,o-xylene,18,True,
VALID_V2-scaled@printed,EQ,octane,26,True,
VALID_V2-scaled@printed,EQ,octanenitrile,24,True,
VALID_V2-scaled@printed,EQ,p-cresol,16,True,
VALID_V2-scaled@printed,EQ,p-xylene,18,True,
VALID_V2-scaled@printed,EQ,pentane,17,True,
VALID_V2-scaled@printed,EQ,pentanenitrile,15,True,
VALID_V2-scaled@printed,EQ,pentylamine,19,True,
VALID_V2-scaled@printed,EQ,piperidine,17,True,
VALID_V2-scaled@printed,EQ,propane,11,True,
VALID_V2-scaled@printed,EQ,propanitrile,9,True,
VALID_V2-scaled@printed,EQ,propene,9,True,
VALID_V2-scaled@printed,EQ,propyl_acetate,17,True,
VALID_V2-scaled@printed,EQ,propyl_propanoate,20,True,
VALID_V2-scaled@printed,EQ,propylamine,13,True,
VALID_V2-scaled@printed,EQ,pyridazine,10,True,
VALID_V2-scaled@printed,EQ,pyridimine,10,True,
VALID_V2-scaled@printed,EQ,pyrrole,10,True,
VALID_V2-scaled@printed,EQ,pyrrolidine,14,True,
VALID_V2-scaled@printed,EQ,quinoline,17,True,
VALID_V2-scaled@printed,EQ,secbutyl_methyl_ether,18,True,
VALID_V2-scaled@printed,EQ,secbutylamine,16,True,
VALID_V2-scaled@printed,EQ,tertbutyl_acetate,20,True,
VALID_V2-scaled@printed,EQ,tertbutyl_methyl_ether,18,True,
VALID_V2-scaled@printed,EQ,tertbutylamine,16,True,
VALID_V2-scaled@printed,EQ,tetrahydropyrane,16,True,
VALID_V2-scaled@printed,EQ,toluene,15,True,
VALID_V2-scaled@printed,EQ,trans-3-pentenitrile,13,True,
VALID_V2-scaled@printed,EQ,triethylamine,22,True,
VALID_V2-scaled@printed,EQ,trifluoroacetamide,9,True,
VALID_V2-scaled@printed,EQ,trifluorotrinitroethane,14,True,
VALID_V2-scaled@printed,EQ,trimethylamine,13,True,
VALID_V2-scaled@printed,TS,JPCA2003-107-5798-TS17,9,True,
VALID_V2-scaled@printed,TS,JPCA2003-107-5798-TS18,9,True,
VALID_V2-scaled@printed,TS,JPCA2003-107-5798-TS19,8,True,
VALID_V2-scaled@printed,TS,JPCA2003-107-5798-TS20,8,True,
VALID_V2-scaled@printed,TS,JPCA_2000_104_10526-ts1,5,True,
VALID_V2-scaled@printed,TS,JPCA_2004_108_5197.txt-ts1,10,True,
VALID_V2-scaled@printed,TS,JPCA_2004_108_5197.txt-ts10,17,True,
VALID_V2-scaled@printed,TS,JPCA_2004_108_5197.txt-ts11,17,True,
VALID_V2-scaled@printed,TS,JPCA_2004_108_5197.txt-ts12,17,True,
VALID_V2-scaled@printed,TS,JPCA_2004_108_5197.txt-ts13,17,True,
VALID_V2-scaled@printed,TS,JPCA_2004_108_5197.txt-ts14,17,True,
VALID_V2-scaled@printed,TS,JPCA_2004_108_5197.txt-ts15,17,True,
VALID_V2-scaled@printed,TS,JPCA_2004_108_5197.txt-ts16,17,True,
VALID_V2-scaled@printed,TS,JPCA_2004_108_5197.txt-ts17,17,True,
VALID_V2-scaled@printed,TS,JPCA_2004_108_5197.txt-ts18,17,True,
VALID_V2-scaled@printed,TS,JPCA_2004_108_5197.txt-ts19,17,True,
VALID_V2-scaled@printed,TS,JPCA_2004_108_5197.txt-ts2,13,True,
VALID_V2-scaled@printed,TS,JPCA_2004_108_5197.txt-ts20,17,True,
VALID_V2-scaled@printed,TS,JPCA_2004_108_5197.txt-ts21,17,True,
VALID_V2-scaled@printed,TS,JPCA_2004_108_5197.txt-ts22,17,True,
VALID_V2-scaled@printed,TS,JPCA_2004_108_5197.txt-ts23,17,True,
VALID_V2-scaled@printed,TS,JPCA_2004_108_5197.txt-ts24,17,True,
VALID_V2-scaled@printed,TS,JPCA_2004_108_5197.txt-ts25,17,True,
VALID_V2-scaled@printed,TS,JPCA_2004_108_5197.txt-ts26,17,True,
VALID_V2-scaled@printed,TS,JPCA_2004_108_5197.txt-ts27,30,True,
VALID_V2-scaled@printed,TS,JPCA_2004_108_5197.txt-ts28,30,True,
VALID_V2-scaled@printed,TS,JPCA_2004_108_5197.txt-ts29,30,True,
VALID_V2-scaled@printed,TS,JPCA_2004_108_5197.txt-ts3,13,True,
VALID_V2-scaled@printed,TS,JPCA_2004_108_5197.txt-ts30,30,True,
VALID_V2-scaled@printed,TS,JPCA_2004_108_5197.txt-ts31,30,True,
VALID_V2-scaled@printed,TS,JPCA_2004_108_5197.txt-ts32,30,True,
VALID_V2-scaled@printed,TS,JPCA_2004_108_5197.txt-ts33,30,True,
VALID_V2-scaled@printed,TS,JPCA_2004_108_5197.txt-ts34,30,True,
VALID_V2-scaled@printed,TS,JPCA_2004_108_5197.txt-ts36,30,True,
VALID_V2-scaled@printed,TS,JPCA_2004_108_5197.txt-ts37,30,True,
VALID_V2-scaled@printed,TS,JPCA_2004_108_5197.txt-ts38,30,True,
VALID_V2-scaled@printed,TS,JPCA_2004_108_5197.txt-ts39,30,True,
VALID_V2-scaled@printed,TS,JPCA_2004_108_5197.txt-ts40,30,True,
VALID_V2-scaled@printed,TS,JPCA_2004_108_5197.txt-ts41,30,True,
VALID_V2-scaled@printed,TS,JPCA_2004_108_5197.txt-ts42,30,True,
VALID_V2-scaled@printed,TS,JPCA_2004_108_5197.txt-ts43,30,True,
VALID_V2-scaled@printed,TS,JPCA_2004_108_5197.txt-ts44,30,True,
VALID_V2-scaled@printed,TS,JPCA_2004_108_5197.txt-ts45,30,True,
VALID_V2-scaled@printed,TS,JPCA_2004_108_5197.txt-ts46,30,True,
VALID_V2-scaled@printed,TS,JPCA_2004_108_5197.txt-ts5,13,True,
VALID_V2-scaled@printed,TS,JPCA_2004_108_5197.txt-ts6,13,True,
VALID_V2-scaled@printed,TS,JPCA_2004_108_5197.txt-ts7,13,True,
VALID_V2-scaled@printed,TS,JPCA_2004_108_5197.txt-ts8,17,True,
VALID_V2-scaled@printed,TS,JPCA_2004_108_5197.txt-ts9,17,True,
VALID_V2-scaled@printed,TS,JPCA_2005_109_10794-TS2,7,True,
VALID_V2-scaled@printed,TS,JPCA_2005_109_10794-TS3,7,True,
VALID_V2-scaled@printed,TS,JPCA_2005_109_4829-TS1,18,True,
VALID_V2-scaled@printed,TS,JPCA_2005_109_4829-TS2,16,True,
VALID_V2-scaled@printed,TS,JPCA_2005_109_4829-TS3,16,True,
VALID_V2-scaled@printed,TS,JPCA_2005_109_4829-TS4,14,True,
V1-applicable@1.3 (EQ),EQ,1-butene,12,False,C2 degree 3; C3 degree 3
V1-applicable@1.3 (EQ),EQ,1-butyne,10,False,C2 degree 2; C3 degree 2
V1-applicable@1.3 (EQ),EQ,1-decene,30,False,C24 degree 3; C27 degree 3
V1-applicable@1.3 (EQ),EQ,1-hexene,18,False,C2 degree 3; C3 degree 3
V1-applicable@1.3 (EQ),EQ,1-octene,24,False,C2 degree 3; C3 degree 3
V1-applicable@1.3 (EQ),EQ,2-methoxyethanol,13,True,
V1-applicable@1.3 (EQ),EQ,2-methyl_2-butanol,18,True,
V1-applicable@1.3 (EQ),EQ,2-methylheptane,26,True,
V1-applicable@1.3 (EQ),EQ,2-methylhexane,23,True,
V1-applicable@1.3 (EQ),EQ,2-methylpentane,20,True,
V1-applicable@1.3 (EQ),EQ,2-methylpropanenitrile,12,False,C6 degree 2; N12 degree 1
V1-applicable@1.3 (EQ),EQ,2-methylpyridine,14,False,C2 degree 3; C3 degree 3; C5 degree 3; C6 degree 3; C7 degree 3; N8 degree 2
V1-applicable@1.3 (EQ),EQ,2-oxetanone,9,False,O6 degree 1; C7 degree 3
V1-applicable@1.3 (EQ),EQ,2.2-dimethylbutane,20,True,
V1-applicable@1.3 (EQ),EQ,2.2-dimethylhexane,26,True,
V1-applicable@1.3 (EQ),EQ,2.2-dimethylpentane,23,True,
V1-applicable@1.3 (EQ),EQ,2.2-dimethylpropanitrile,15,False,C6 degree 2; N15 degree 1
V1-applicable@1.3 (EQ),EQ,2.2.3-trimethylbutane,23,True,
V1-applicable@1.3 (EQ),EQ,2.2.3-trimethylpentane,26,True,
V1-applicable@1.3 (EQ),EQ,2.2.3.3-tetramethylbutane,26,True,
V1-applicable@1.3 (EQ),EQ,2.2.4-trimethylpentane,26,True,
V1-applicable@1.3 (EQ),EQ,2.3-dimethylbutane,20,True,
V1-applicable@1.3 (EQ),EQ,2.3-dimethylhexane,26,True,
V1-applicable@1.3 (EQ),EQ,2.3-dimethylpentane,23,True,
V1-applicable@1.3 (EQ),EQ,2.3-dimethylpyridine,17,False,C2 degree 3; C3 degree 3; C5 degree 3; C6 degree 3; C7 degree 3; N8 degree 2
V1-applicable@1.3 (EQ),EQ,2.3.3-trimethylpentane,26,True,
V1-applicable@1.3 (EQ),EQ,2.3.4-trimethylpentane,26,True,
V1-applicable@1.3 (EQ),EQ,2.3.6-trimethylpyridine,20,False,C2 degree 3; C3 degree 3; C5 degree 3; C6 degree 3; C7 degree 3; N8 degree 2
V1-applicable@1.3 (EQ),EQ,2.4-dimethylhexane,26,True,
V1-applicable@1.3 (EQ),EQ,2.4-dimethylpentane,23,True,
V1-applicable@1.3 (EQ),EQ,2.4-dimethylpyridine,17,False,C2 degree 3; C3 degree 3; C5 degree 3; C6 degree 3; C7 degree 3; N8 degree 2
V1-applicable@1.3 (EQ),EQ,2.4.6-trimethylpyridine,20,False,C2 degree 3; C3 degree 3; C5 degree 3; C6 degree 3; C7 degree 3; N8 degree 2
V1-applicable@1.3 (EQ),EQ,2.5-dimethylhexane,26,True,
V1-applicable@1.3 (EQ),EQ,2.6-dimethylpyridine,17,False,C2 degree 3; C3 degree 3; C5 degree 3; C6 degree 3; C7 degree 3; N8 degree 2
V1-applicable@1.3 (EQ),EQ,2_5-difluorotoluene,15,False,C2 degree 3; C3 degree 3; C4 degree 3; C5 degree 3; C6 degree 3; C7 degree 3
V1-applicable@1.3 (EQ),EQ,2_propoxyethanol,19,True,
V1-applicable@1.3 (EQ),EQ,3-ethyl-2-methylpentane,26,True,
V1-applicable@1.3 (EQ),EQ,3-ethyl-3-methylpentane,29,True,
V1-applicable@1.3 (EQ),EQ,3-ethylhexane,26,True,
V1-applicable@1.3 (EQ),EQ,3-ethylpentane,23,True,
V1-applicable@1.3 (EQ),EQ,3-methylbutanitrile,15,False,C11 degree 2; N12 degree 1
V1-applicable@1.3 (EQ),EQ,3-methylheptane,26,True,
V1-applicable@1.3 (EQ),EQ,3-methylhexane,23,True,
V1-applicable@1.3 (EQ),EQ,3-methylpentane,20,True,
V1-applicable@1.3 (EQ),EQ,3-methylpyridine,14,False,C2 degree 3; C3 degree 3; C5 degree 3; C6 degree 3; C7 degree 3; N8 degree 2
V1-applicable@1.3 (EQ),EQ,3-octyne,22,False,C2 degree 2; C3 degree 2
V1-applicable@1.3 (EQ),EQ,3.3-dimethylhexane,26,True,
V1-applicable@1.3 (EQ),EQ,3.3-dimethyloxetane,16,True,
V1-applicable@1.3 (EQ),EQ,3.3-dimethylpentane,23,True,
V1-applicable@1.3 (EQ),EQ,3.4-dimethylhexane,26,True,
V1-applicable@1.3 (EQ),EQ,3.4-dimethylpyridine,17,False,C2 degree 3; C3 degree 3; C5 degree 3; C6 degree 3; C7 degree 3; N8 degree 2
V1-applicable@1.3 (EQ),EQ,3.5-dimethylpyridine,17,False,C2 degree 3; C3 degree 3; C5 degree 3; C6 degree 3; C7 degree 3; N8 degree 2
V1-applicable@1.3 (EQ),EQ,4-methylheptane,26,True,
V1-applicable@1.3 (EQ),EQ,4-methylpyridine,14,False,C2 degree 3; N3 degree 2; C4 degree 3; C5 degree 3; C6 degree 3; C7 degree 3
V1-applicable@1.3 (EQ),EQ,Butyl_acetate,20,False,C3 degree 3; O4 degree 1
V1-applicable@1.3 (EQ),EQ,C6F6,12,False,C2 degree 3; C3 degree 3; C4 degree 3; C5 degree 3; C6 degree 3; C7 degree 3
V1-applicable@1.3 (EQ),EQ,CF4,5,True,
V1-applicable@1.3 (EQ),EQ,CH2F2,5,True,
V1-applicable@1.3 (EQ),EQ,CH3F,5,True,
V1-applicable@1.3 (EQ),EQ,CO,2,False,O1 degree 1; C2 degree 1
V1-applicable@1.3 (EQ),EQ,CO2,3,False,O1 degree 1; C2 degree 2; O3 degree 1
V1-applicable@1.3 (EQ),EQ,Diketene,10,False,C4 degree 3; O6 degree 1
V1-applicable@1.3 (EQ),EQ,Ethyl_2-methylpropanoate,20,False,C2 degree 3; O3 degree 1
V1-applicable@1.3 (EQ),EQ,Ethyl_acetate,14,False,C9 degree 3; O10 degree 1
V1-applicable@1.3 (EQ),EQ,Ethyl_butanoate,20,False,C2 degree 3; O3 degree 1
V1-applicable@1.3 (EQ),EQ,Ethyl_formate,11,False,C1 degree 3; O2 degree 1
V1-applicable@1.3 (EQ),EQ,F2N-NF2,6,True,
V1-applicable@1.3 (EQ),EQ,F2O,3,True,
V1-applicable@1.3 (EQ),EQ,F3C-CN,6,False,C4 degree 2; N6 degree 1
V1-applicable@1.3 (EQ),EQ,F3C-O-O-CF3,10,True,
V1-applicable@1.3 (EQ),EQ,FCCF,4,False,C2 degree 2; C3 degree 2
V1-applicable@1.3 (EQ),EQ,Furane,9,False,C1 degree 3; C3 degree 3; C4 degree 3; C6 degree 3
V1-applicable@1.3 (EQ),EQ,H2N-NO2,6,False,O3 degree 1; O4 degree 1
V1-applicable@1.3 (EQ),EQ,H2O2,4,True,
V1-applicable@1.3 (EQ),EQ,H3C-NF2,7,True,
V1-applicable@1.3 (EQ),EQ,HCF,3,False,C2 degree 2
V1-applicable@1.3 (EQ),EQ,HF,2,True,
V1-applicable@1.3 (EQ),EQ,HNO,3,False,N2 degree 2; O3 degree 1
V1-applicable@1.3 (EQ),EQ,HNO3,5,False,O3 degree 1; O4 degree 1
V1-applicable@1.3 (EQ),EQ,Isobutane,14,True,
V1-applicable@1.3 (EQ),EQ,Isopentane,17,True,
V1-applicable@1.3 (EQ),EQ,Methyl_acetate,11,False,C2 degree 3; O3 degree 1
V1-applicable@1.3 (EQ),EQ,Methyl_formate,8,False,C6 degree 3; O7 degree 1
V1-applicable@1.3 (EQ),EQ,Methyl_propanoate,14,False,C6 degree 3; O9 degree 1
V1-applicable@1.3 (EQ),EQ,N.N-dimethylaniline,20,False,C2 degree 3; C3 degree 3; C4 degree 3; C5 degree 3; C6 degree 3; C7 degree 3
V1-applicable@1.3 (EQ),EQ,N2O,3,False,N1 degree 1; N2 degree 2; O3 degree 1
V1-applicable@1.3 (EQ),EQ,NF3,4,True,
V1-applicable@1.3 (EQ),EQ,NO,2,False,O1 degree 1; N2 degree 1
V1-applicable@1.3 (EQ),EQ,NO2,3,False,O1 degree 1; N2 degree 2; O3 degree 1
V1-applicable@1.3 (EQ),EQ,Neopentane,17,True,
V1-applicable@1.3 (EQ),EQ,O2N-CF2-CF2-NO2,12,False,O9 degree 1; O10 degree 1; O11 degree 1; O12 degree 1
V1-applicable@1.3 (EQ),EQ,Oxetane,10,True,
V1-applicable@1.3 (EQ),EQ,Propyl_formate,14,False,C9 degree 3; O10 degree 1
V1-applicable@1.3 (EQ),EQ,acetylfluoride,4,False,C2 degree 3; O3 degree 1
V1-applicable@1.3 (EQ),EQ,ammonia,4,True,
V1-applicable@1.3 (EQ),EQ,anisole,16,False,C2 degree 3; C3 degree 3; C4 degree 3; C5 degree 3; C6 degree 3; C7 degree 3
V1-applicable@1.3 (EQ),EQ,azobutane,28,False,N2 degree 2; N3 degree 2
V1-applicable@1.3 (EQ),EQ,azopropane,22,False,N2 degree 2; N3 degree 2
V1-applicable@1.3 (EQ),EQ,benzene,12,False,C2 degree 3; C3 degree 3; C4 degree 3; C5 degree 3; C6 degree 3; C7 degree 3
V1-applicable@1.3 (EQ),EQ,benzyl_alcohol,16,False,C2 degree 3; C3 degree 3; C4 degree 3; C5 degree 3; C6 degree 3; C7 degree 3
V1-applicable@1.3 (EQ),EQ,benzylamine,17,False,C2 degree 3; C3 degree 3; C4 degree 3; C5 degree 3; C6 degree 3; C7 degree 3
V1-applicable@1.3 (EQ),EQ,bis_ethoxymethyl_ether,23,True,
V1-applicable@1.3 (EQ),EQ,butane,14,True,
V1-applicable@1.3 (EQ),EQ,butanenitrile,12,False,C11 degree 2; N12 degree 1
V1-applicable@1.3 (EQ),EQ,butyl_ethyl_ether,21,True,
V1-applicable@1.3 (EQ),EQ,butyl_formate,17,False,C3 degree 3; O4 degree 1
V1-applicable@1.3 (EQ),EQ,butylamine,16,True,
V1-applicable@1.3 (EQ),EQ,butylethylamine,22,True,
V1-applicable@1.3 (EQ),EQ,cumene,21,False,C2 degree 3; C3 degree 3; C4 degree 3; C5 degree 3; C6 degree 3; C7 degree 3
V1-applicable@1.3 (EQ),EQ,cyanogen,4,False,C1 degree 2; C2 degree 2; N3 degree 1; N4 degree 1
V1-applicable@1.3 (EQ),EQ,cyclobutanecarbonitrile,13,False,C6 degree 2; N13 degree 1
V1-applicable@1.3 (EQ),EQ,cyclohexanecarbonitrile,19,False,C18 degree 2; N19 degree 1
V1-applicable@1.3 (EQ),EQ,cyclohexylamine,20,True,
V1-applicable@1.3 (EQ),EQ,cyclopentanecarbonitrile,16,False,C1 degree 2; N16 degree 1
V1-applicable@1.3 (EQ),EQ,cyclopranecarbonitrile,10,False,C5 degree 2; N10 degree 1
V1-applicable@1.3 (EQ),EQ,cyclopropyl_methyl_ketone,14,False,C6 degree 3; O10 degree 1
V1-applicable@1.3 (EQ),EQ,diethoxymethane,19,True,
V1-applicable@1.3 (EQ),EQ,diethyl_carbonate,18,False,C3 degree 3; O4 degree 1
V1-applicable@1.3 (EQ),EQ,difluorotetranitroethane,16,False,O9 degree 1; O10 degree 1; O11 degree 1; O12 degree 1; O13 degree 1; O14 degree 1; O15 degree 1; O16 degree 1
V1-applicable@1.3 (EQ),EQ,diisopropyl_ether,21,True,
V1-applicable@1.3 (EQ),EQ,diisopropylamine,22,True,
V1-applicable@1.3 (EQ),EQ,dimethylamine,10,True,
V1-applicable@1.3 (EQ),EQ,dinitrofluoromethane,9,False,O6 degree 1; O7 degree 1; O8 degree 1; O9 degree 1
V1-applicable@1.3 (EQ),EQ,dipropyl_ether,21,True,
V1-applicable@1.3 (EQ),EQ,dipropylamine,22,True,
V1-applicable@1.3 (EQ),EQ,ethane,8,True,
V1-applicable@1.3 (EQ),EQ,ethyl_isopropyl_ether,18,True,
V1-applicable@1.3 (EQ),EQ,ethyl_propanoate,17,False,C3 degree 3; O10 degree 1
V1-applicable@1.3 (EQ),EQ,ethylene_glycole_diacetate,20,False,C1 degree 3; O4 degree 1; C15 degree 3; O16 degree 1
V1-applicable@1.3 (EQ),EQ,ethylene_oxide,7,True,
V1-applicable@1.3 (EQ),EQ,ethylisopropylamine,19,True,
V1-applicable@1.3 (EQ),EQ,fluoroaceticacid,8,False,C2 degree 3; O3 degree 1
V1-applicable@1.3 (EQ),EQ,fluoroacetonitrile,6,False,C1 degree 2; N6 degree 1
V1-applicable@1.3 (EQ),EQ,fluorobenzene,12,False,C2 degree 3; C3 degree 3; C4 degree 3; C5 degree 3; C6 degree 3; C7 degree 3
V1-applicable@1.3 (EQ),EQ,fluoroethanol,9,True,
V1-applicable@1.3 (EQ),EQ,fluoropentane,17,True,
V1-applicable@1.3 (EQ),EQ,guanine,16,False,C1 degree 3; O2 degree 1; C4 degree 3; C5 degree 3; N7 degree 2; N8 degree 2; C9 degree 3; C12 degree 3
V1-applicable@1.3 (EQ),EQ,heptane,23,True,
V1-applicable@1.3 (EQ),EQ,hexane,20,True,
V1-applicable@1.3 (EQ),EQ,hexanitrile,18,False,C2 degree 2; N3 degree 1
V1-applicable@1.3 (EQ),EQ,indan,19,False,C2 degree 3; C3 degree 3; C4 degree 3; C5 degree 3; C6 degree 3; C7 degree 3
V1-applicable@1.3 (EQ),EQ,isobutyl_methyl_ether,18,True,
V1-applicable@1.3 (EQ),EQ,isobutylamine,16,True,
V1-applicable@1.3 (EQ),EQ,isopropyl_acetate,17,False,C3 degree 3; O4 degree 1
V1-applicable@1.3 (EQ),EQ,isopropyl_methyl_ether,15,True,
V1-applicable@1.3 (EQ),EQ,isopropylamine,13,True,
V1-applicable@1.3 (EQ),EQ,isopropylmethylamine,16,True,
V1-applicable@1.3 (EQ),EQ,isopropylpropylamine,22,True,
V1-applicable@1.3 (EQ),EQ,isoquinoline,17,False,N1 degree 2; C2 degree 3; C4 degree 3; C5 degree 3; C6 degree 3; C8 degree 3; C9 degree 3; C13 degree 3; C16 degree 3; C17 degree 3
V1-applicable@1.3 (EQ),EQ,m-cresol,16,False,C2 degree 3; C3 degree 3; C4 degree 3; C5 degree 3; C6 degree 3; C7 degree 3
V1-applicable@1.3 (EQ),EQ,m-xylene,18,False,C2 degree 3; C3 degree 3; C4 degree 3; C5 degree 3; C6 degree 3; C7 degree 3
V1-applicable@1.3 (EQ),EQ,methyl_2.2-dimethylpropanoate,20,False,C2 degree 3; O3 degree 1
V1-applicable@1.3 (EQ),EQ,methyl_cyclobutanecarboxylate,18,False,C9 degree 3; O13 degree 1
V1-applicable@1.3 (EQ),EQ,methyl_cyclopropanecarboxylate,15,False,C9 degree 3; O10 degree 1
V1-applicable@1.3 (EQ),EQ,methyl_isobutanoate,17,False,C1 degree 3; O7 degree 1
V1-applicable@1.3 (EQ),EQ,methyl_pentanoate,20,False,C2 degree 3; O3 degree 1
V1-applicable@1.3 (EQ),EQ,methyl_propyl_ether,15,True,
V1-applicable@1.3 (EQ),EQ,methylbutanoate,17,False,C1 degree 3; O7 degree 1
V1-applicable@1.3 (EQ),EQ,methylhydrazine,9,True,
V1-applicable@1.3 (EQ),EQ,methyltrifluoroacetate,11,False,C6 degree 3; O7 degree 1
V1-applicable@1.3 (EQ),EQ,nitrofluorobenzene,14,False,C2 degree 3; C3 degree 3; C4 degree 3; C5 degree 3; C6 degree 3; C7 degree 3; O13 degree 1; O14 degree 1
V1-applicable@1.3 (EQ),EQ,o-cresol,16,False,C2 degree 3; C3 degree 3; C4 degree 3; C5 degree 3; C6 degree 3; C7 degree 3
V1-applicable@1.3 (EQ),EQ,o-xylene,18,False,C2 degree 3; C3 degree 3; C4 degree 3; C5 degree 3; C6 degree 3; C7 degree 3
V1-applicable@1.3 (EQ),EQ,octane,26,True,
V1-applicable@1.3 (EQ),EQ,octanenitrile,24,False,C23 degree 2; N24 degree 1
V1-applicable@1.3 (EQ),EQ,p-cresol,16,False,C2 degree 3; C3 degree 3; C4 degree 3; C5 degree 3; C6 degree 3; C7 degree 3
V1-applicable@1.3 (EQ),EQ,p-xylene,18,False,C2 degree 3; C3 degree 3; C4 degree 3; C5 degree 3; C6 degree 3; C7 degree 3
V1-applicable@1.3 (EQ),EQ,pentane,17,True,
V1-applicable@1.3 (EQ),EQ,pentanenitrile,15,False,C12 degree 2; N15 degree 1
V1-applicable@1.3 (EQ),EQ,pentylamine,19,True,
V1-applicable@1.3 (EQ),EQ,piperidine,17,True,
V1-applicable@1.3 (EQ),EQ,propane,11,True,
V1-applicable@1.3 (EQ),EQ,propanitrile,9,False,C8 degree 2; N9 degree 1
V1-applicable@1.3 (EQ),EQ,propene,9,False,C2 degree 3; C3 degree 3
V1-applicable@1.3 (EQ),EQ,propyl_acetate,17,False,C1 degree 3; O4 degree 1
V1-applicable@1.3 (EQ),EQ,propyl_propanoate,20,False,C2 degree 3; O3 degree 1
V1-applicable@1.3 (EQ),EQ,propylamine,13,True,
V1-applicable@1.3 (EQ),EQ,pyridazine,10,False,C2 degree 3; C3 degree 3; N4 degree 2; C5 degree 3; C6 degree 3; N8 degree 2
V1-applicable@1.3 (EQ),EQ,pyridimine,10,False,N1 degree 2; N2 degree 2; C3 degree 3; C4 degree 3; C5 degree 3; C6 degree 3
V1-applicable@1.3 (EQ),EQ,pyrrole,10,False,C2 degree 3; C3 degree 3; C4 degree 3; C7 degree 3
V1-applicable@1.3 (EQ),EQ,pyrrolidine,14,True,
V1-applicable@1.3 (EQ),EQ,quinoline,17,False,C2 degree 3; C3 degree 3; N4 degree 2; C5 degree 3; C6 degree 3; C7 degree 3; C8 degree 3; C9 degree 3; C13 degree 3; C16 degree 3
V1-applicable@1.3 (EQ),EQ,secbutyl_methyl_ether,18,True,
V1-applicable@1.3 (EQ),EQ,secbutylamine,16,True,
V1-applicable@1.3 (EQ),EQ,tertbutyl_acetate,20,False,C15 degree 3; O16 degree 1
V1-applicable@1.3 (EQ),EQ,tertbutyl_methyl_ether,18,True,
V1-applicable@1.3 (EQ),EQ,tertbutylamine,16,True,
V1-applicable@1.3 (EQ),EQ,tetrahydropyrane,16,True,
V1-applicable@1.3 (EQ),EQ,toluene,15,False,C2 degree 3; C3 degree 3; C4 degree 3; C5 degree 3; C6 degree 3; C7 degree 3
V1-applicable@1.3 (EQ),EQ,trans-3-pentenitrile,13,False,C1 degree 2; N2 degree 1; C5 degree 3; C7 degree 3
V1-applicable@1.3 (EQ),EQ,triethylamine,22,True,
V1-applicable@1.3 (EQ),EQ,trifluoroacetamide,9,False,C4 degree 3; O6 degree 1
V1-applicable@1.3 (EQ),EQ,trifluorotrinitroethane,14,False,O9 degree 1; O10 degree 1; O11 degree 1; O12 degree 1; O13 degree 1; O14 degree 1
V1-applicable@1.3 (EQ),EQ,trimethylamine,13,True,
