molecule,atom,label,quality,truth,lookup,orca,chosen,value,error,better,regret,flagged
1,2-Pyrazine,0,1,2,medium,126.36,119.500,120.810,orca,120.810,5.550,yes,0.000,
1,2-Pyrazine,1,1,2,medium,126.36,119.500,120.818,orca,120.818,5.542,yes,0.000,
1,2-Pyrazine,2,3,4,good,151.72,146.294,154.328,lookup,146.294,5.426,NO,2.818,yes
1,2-Pyrazine,5,3,4,good,151.72,146.294,154.341,lookup,146.294,5.426,NO,2.805,yes
1,4-Benzoquinone,1,1,2,good,187.21,187.087,191.532,lookup,187.087,0.123,yes,0.000,yes
1,4-Benzoquinone,2,3-6,good,136.56,134.603,134.539,lookup,134.603,1.957,yes,0.000,
1,4-Benzoquinone,3,3-6,good,136.56,134.603,134.542,lookup,134.603,1.957,yes,0.000,
1,4-Benzoquinone,4,1,2,good,187.21,187.087,191.527,lookup,187.087,0.123,yes,0.000,yes
1,4-Benzoquinone,6,3-6,good,136.56,134.603,134.553,lookup,134.603,1.957,yes,0.000,
1,4-Benzoquinone,7,3-6,good,136.56,134.603,134.539,lookup,134.603,1.957,yes,0.000,
1,4-Pyrazine,0,3-6,good,145.18,146.294,147.417,orca,147.417,2.237,NO,1.123,
1,4-Pyrazine,1,3-6,good,145.18,146.294,147.408,orca,147.408,2.228,NO,1.114,
1,4-Pyrazine,3,3-6,good,145.18,146.294,147.413,orca,147.413,2.233,NO,1.119,
1,4-Pyrazine,4,3-6,good,145.18,146.294,147.416,orca,147.416,2.236,NO,1.122,
2,5-Dihydrofuran,0,2,3,medium,75.41,65.330,76.310,orca,76.310,0.900,yes,0.000,yes
2,5-Dihydrofuran,1,4,5,rough,126.19,117.000,128.349,orca,128.349,2.159,yes,0.000,yes
2,5-Dihydrofuran,2,4,5,rough,126.19,117.000,128.349,orca,128.349,2.159,yes,0.000,yes
2,5-Dihydrofuran,3,2,3,medium,75.41,65.330,76.305,orca,76.305,0.895,yes,0.000,yes
2-Butyne,0,3,4,good,3.37,1.700,7.232,lookup,1.700,1.670,yes,0.000,yes
2-Butyne,1,1,2,medium,74.54,76.646,75.391,orca,75.391,0.851,yes,0.000,
2-Butyne,2,1,2,medium,74.54,76.646,75.397,orca,75.397,0.857,yes,0.000,
2-Butyne,3,3,4,good,3.37,1.700,7.234,lookup,1.700,1.670,yes,0.000,yes
2-Cyanopropane,0,4,5,medium,19.95,19.345,24.914,orca,24.914,4.964,NO,4.359,yes
2-Cyanopropane,1,3,rough,19.84,40.999,24.078,orca,24.078,4.238,yes,0.000,yes
2-Cyanopropane,2,4,5,medium,19.95,19.345,24.933,orca,24.933,4.983,NO,4.378,yes
2-Cyanopropane,3,2,medium,123.76,117.366,118.452,orca,118.452,5.308,yes,0.000,
3-Butyn-2-one,0,1,medium,32.63,32.500,34.135,orca,34.135,1.505,NO,1.375,
3-Butyn-2-one,1,2,medium,183.94,183.923,185.604,orca,185.604,1.664,NO,1.647,
3-Butyn-2-one,3,5,medium,78.10,85.528,79.150,orca,79.150,1.050,yes,0.000,yes
3-Butyn-2-one,4,4,medium,81.84,80.057,77.590,orca,77.590,4.250,NO,2.467,
Acetaldehyde,0,2,good,30.99,31.067,33.598,lookup,31.067,0.077,yes,0.000,
Acetaldehyde,1,1,good,199.97,199.927,199.703,lookup,199.927,0.043,yes,0.000,
Acetone,0,1,4,good,30.94,30.670,31.666,orca,31.666,0.726,NO,0.456,
Acetone,1,2,good,206.93,206.610,207.807,orca,207.807,0.877,NO,0.557,
Acetone,2,1,4,good,30.94,30.670,31.665,orca,31.665,0.725,NO,0.455,
Acetonitrile,0,2,good,1.89,1.987,3.288,lookup,1.987,0.097,yes,0.000,
Acetonitrile,1,1,good,116.33,118.727,110.574,lookup,118.727,2.397,yes,0.000,yes
Anisole,0,8,good,55.14,55.613,55.482,lookup,55.613,0.473,NO,0.132,
Anisole,2,1,good,159.55,156.882,158.638,lookup,156.882,2.668,NO,1.756,
Anisole,3,2,6,good,113.90,115.197,109.289,lookup,115.197,1.297,yes,0.000,yes
Anisole,4,3,5,good,129.45,130.532,129.996,lookup,130.532,1.082,NO,0.537,
Anisole,5,4,good,120.65,123.465,121.188,lookup,123.465,2.815,NO,2.277,
Anisole,6,3,5,good,129.45,130.532,130.530,lookup,130.532,1.082,NO,0.002,
Anisole,7,2,6,good,113.90,115.197,119.912,lookup,115.197,1.297,yes,0.000,yes
Benzene,0,1-6,good,128.34,128.530,128.559,orca,128.559,0.219,NO,0.029,
Benzene,1,1-6,good,128.34,128.530,128.560,orca,128.560,0.220,NO,0.030,
Benzene,2,1-6,good,128.34,128.530,128.573,orca,128.573,0.233,NO,0.043,
Benzene,3,1-6,good,128.34,128.530,128.561,orca,128.561,0.221,NO,0.031,
Benzene,4,1-6,good,128.34,128.530,128.569,orca,128.569,0.229,NO,0.039,
Benzene,5,1-6,good,128.34,128.530,128.563,orca,128.563,0.223,NO,0.033,
Butyrolactone,1,1,good,177.65,179.580,178.044,lookup,179.580,1.930,NO,1.536,
Butyrolactone,2,2,good,27.80,27.810,29.745,lookup,27.810,0.010,yes,0.000,
Butyrolactone,3,3,good,22.20,22.333,27.141,lookup,22.333,0.133,yes,0.000,yes
Butyrolactone,4,4,good,68.48,68.800,67.724,lookup,68.800,0.320,yes,0.000,
Cyclobutanone,1,2,rough,209.40,196.123,209.850,orca,209.850,0.450,yes,0.000,yes
Cyclobutanone,2,3,4,good,47.74,48.030,48.653,lookup,48.030,0.290,yes,0.000,
Cyclobutanone,3,5,medium,9.71,16.355,15.165,orca,15.165,5.455,yes,0.000,
Cyclobutanone,4,3,4,good,47.74,48.030,48.656,lookup,48.030,0.290,yes,0.000,
Cyclohex-2-en-1-one,1,2,good,199.74,198.784,199.865,lookup,198.784,0.957,NO,0.831,
Cyclohex-2-en-1-one,2,7,good,38.13,37.971,39.173,lookup,37.971,0.159,yes,0.000,
Cyclohex-2-en-1-one,3,6,good,22.75,22.684,27.970,lookup,22.684,0.066,yes,0.000,yes
Cyclohex-2-en-1-one,4,5,good,25.69,25.548,29.544,lookup,25.548,0.142,yes,0.000,yes
Cyclohex-2-en-1-one,5,4,good,150.61,150.732,148.333,lookup,150.732,0.122,yes,0.000,
Cyclohex-2-en-1-one,6,3,good,129.99,129.603,133.878,lookup,129.603,0.387,yes,0.000,yes
Cyclohexane,0,1-6,good,26.93,27.749,24.131,lookup,27.749,0.819,yes,0.000,
Cyclohexane,1,1-6,good,26.93,27.749,23.019,lookup,27.749,0.819,yes,0.000,yes
Cyclohexane,2,1-6,good,26.93,27.749,23.027,lookup,27.749,0.819,yes,0.000,yes
Cyclohexane,3,1-6,good,26.93,27.749,24.147,lookup,27.749,0.819,yes,0.000,
Cyclohexane,4,1-6,good,26.93,27.749,23.012,lookup,27.749,0.819,yes,0.000,yes
Cyclohexane,5,1-6,good,26.93,27.749,23.007,lookup,27.749,0.819,yes,0.000,yes
Cyclohexanone,1,2,good,212.15,210.676,213.936,lookup,210.676,1.474,yes,0.000,
Cyclohexanone,2,4,5,good,42.00,41.804,43.497,lookup,41.804,0.196,yes,0.000,
Cyclohexanone,3,5,6,good,27.03,27.094,31.001,lookup,27.094,0.064,yes,0.000,yes
Cyclohexanone,4,7,good,25.02,25.010,29.861,lookup,25.010,0.010,yes,0.000,yes
Cyclohexanone,5,5,6,good,27.03,27.094,31.015,lookup,27.094,0.064,yes,0.000,yes
Cyclohexanone,6,4,5,good,42.00,41.804,43.529,lookup,41.804,0.196,yes,0.000,
Cyclopentane,0,1-5,good,25.84,26.310,31.700,lookup,26.310,0.470,yes,0.000,yes
Cyclopentane,1,1-5,good,25.84,26.310,28.959,lookup,26.310,0.470,yes,0.000,
Cyclopentane,2,1-5,good,25.84,26.310,25.578,lookup,26.310,0.470,NO,0.208,
Cyclopentane,3,1-5,good,25.84,26.310,28.978,lookup,26.310,0.470,yes,0.000,
Cyclopentane,4,1-5,good,25.84,26.310,31.690,lookup,26.310,0.470,yes,0.000,yes
Cyclopentanone,1,2,medium,220.72,217.904,222.636,lookup,217.904,2.816,NO,0.900,
Cyclopentanone,2,3,4,good,38.37,38.052,38.969,lookup,38.052,0.318,yes,0.000,
Cyclopentanone,3,5,6,good,23.25,23.052,28.999,lookup,23.052,0.198,yes,0.000,yes
Cyclopentanone,4,5,6,good,23.25,23.052,28.996,lookup,23.052,0.198,yes,0.000,yes
Cyclopentanone,5,3,4,good,38.37,38.052,38.929,lookup,38.052,0.318,yes,0.000,
Cyclopentenone,1,2,medium,210.57,198.493,208.091,orca,208.091,2.479,yes,0.000,yes
Cyclopentenone,2,6,medium,34.01,38.811,31.987,orca,31.987,2.023,yes,0.000,yes
Cyclopentenone,3,5,medium,28.97,27.191,31.433,orca,31.433,2.463,NO,0.683,yes
Cyclopentenone,4,4,rough,164.76,132.411,163.358,orca,163.358,1.402,yes,0.000,yes
Cyclopentenone,5,3,medium,134.63,129.232,138.130,orca,138.130,3.500,yes,0.000,yes
Cyclopropane,0,1-3,good,-3.15,-2.143,1.817,lookup,-2.143,1.007,yes,0.000,
Cyclopropane,1,1-3,good,-3.15,-2.143,1.810,lookup,-2.143,1.007,yes,0.000,
Cyclopropane,2,1-3,good,-3.15,-2.143,1.853,lookup,-2.143,1.007,yes,0.000,
Fluorobenzene,1,2,medium,162.86,162.841,164.931,orca,164.931,2.071,NO,2.052,
Fluorobenzene,2,3,4,medium,115.32,115.284,116.608,orca,116.608,1.288,NO,1.253,
Fluorobenzene,3,5,6,medium,129.96,129.784,130.471,orca,130.471,0.511,NO,0.336,
Fluorobenzene,4,7,medium,123.98,128.504,124.533,orca,124.533,0.553,yes,0.000,
Fluorobenzene,5,5,6,medium,129.96,129.784,130.479,orca,130.479,0.519,NO,0.344,
Fluorobenzene,6,3,4,medium,115.32,115.284,116.618,orca,116.618,1.298,NO,1.263,
Furan,0,4,5,good,109.45,110.190,111.493,orca,111.493,2.043,NO,1.303,
Furan,1,4,5,good,109.45,110.190,111.470,orca,111.470,2.020,NO,1.280,
Furan,2,2,3,good,142.54,143.353,142.680,orca,142.680,0.140,yes,0.000,
Furan,4,2,3,good,142.54,143.353,142.669,orca,142.669,0.129,yes,0.000,
Isobutylene,0,3,4,medium,24.13,18.913,27.514,orca,27.514,3.384,yes,0.000,yes
Isobutylene,1,1,rough,142.45,135.934,145.647,orca,145.647,3.197,yes,0.000,
Isobutylene,2,3,4,medium,24.13,18.913,27.530,orca,27.530,3.400,yes,0.000,yes
Isobutylene,3,2,medium,110.47,114.254,114.319,orca,114.319,3.849,NO,0.064,
Isoxazole,0,1,rough,157.64,148.350,161.427,orca,161.427,3.787,yes,0.000,yes
Isoxazole,1,2,rough,103.47,123.263,104.801,orca,104.801,1.331,yes,0.000,yes
Isoxazole,2,3,rough,149.02,137.725,151.272,orca,151.272,2.252,yes,0.000,yes
MTBE,0,1,medium,49.47,51.402,51.080,lookup,51.402,1.932,NO,0.322,
MTBE,2,3,good,72.79,71.675,73.607,lookup,71.675,1.115,NO,0.298,
MTBE,3,4-6,good,26.99,28.533,36.195,lookup,28.533,1.543,yes,0.000,yes
MTBE,4,4-6,good,26.99,28.533,28.809,lookup,28.533,1.543,yes,0.000,
MTBE,5,4-6,good,26.99,28.533,28.802,lookup,28.533,1.543,yes,0.000,
Maleic anhydride,1,2,3,medium,164.07,168.142,169.632,orca,169.632,5.562,NO,1.490,
Maleic anhydride,3,2,3,medium,164.07,168.142,169.643,orca,169.643,5.573,NO,1.501,
Maleic anhydride,5,4,5,medium,136.49,119.910,134.123,orca,134.123,2.367,yes,0.000,yes
Maleic anhydride,6,4,5,medium,136.49,119.910,134.108,orca,134.108,2.382,yes,0.000,yes
Methyl acetate,0,5,good,51.62,51.508,53.321,lookup,51.508,0.112,yes,0.000,
Methyl acetate,2,2,medium,171.55,175.722,173.632,orca,173.632,2.082,yes,0.000,
Methyl acetate,3,3,good,20.71,20.540,23.281,lookup,20.540,0.170,yes,0.000,yes
N-Methylpiperidine,0,2,good,46.87,46.061,47.676,lookup,46.061,0.809,NO,0.003,
N-Methylpiperidine,2,4,5,good,56.53,56.500,51.984,lookup,56.500,0.030,yes,0.000,yes
N-Methylpiperidine,3,6,7,medium,25.96,25.635,25.154,lookup,25.635,0.325,yes,0.000,
N-Methylpiperidine,4,8,good,23.73,24.217,22.964,lookup,24.217,0.487,yes,0.000,
N-Methylpiperidine,5,6,7,medium,25.96,25.635,21.534,lookup,25.635,0.325,yes,0.000,
N-Methylpiperidine,6,4,5,good,56.53,56.500,50.650,lookup,56.500,0.030,yes,0.000,yes
N-Methylpyrrole,0,2,good,36.08,35.472,38.681,lookup,35.472,0.608,yes,0.000,yes
N-Methylpyrrole,2,4,5,good,121.66,121.437,118.967,lookup,121.437,0.223,yes,0.000,
N-Methylpyrrole,3,6,7,good,108.18,108.149,109.987,lookup,108.149,0.031,yes,0.000,
N-Methylpyrrole,4,6,7,good,108.18,108.149,109.974,lookup,108.149,0.031,yes,0.000,
N-Methylpyrrole,5,4,5,good,121.66,121.437,118.961,lookup,121.437,0.223,yes,0.000,
N-Methylpyrrolidine,0,1,good,42.14,42.485,45.148,lookup,42.485,0.345,yes,0.000,yes
N-Methylpyrrolidine,2,3,4,good,56.27,56.420,56.658,lookup,56.420,0.150,yes,0.000,
N-Methylpyrrolidine,3,5,6,good,24.06,24.547,24.261,lookup,24.547,0.487,NO,0.286,
N-Methylpyrrolidine,4,5,6,good,24.06,24.547,24.244,lookup,24.547,0.487,NO,0.303,
N-Methylpyrrolidine,5,3,4,good,56.27,56.420,56.622,lookup,56.420,0.150,yes,0.000,
Nitrobenzene,3,2,good,148.25,148.817,149.790,lookup,148.817,0.567,yes,0.000,
Nitrobenzene,4,3,4,good,123.52,123.800,127.428,lookup,123.800,0.280,yes,0.000,yes
Nitrobenzene,5,5,6,good,129.31,129.550,130.552,lookup,129.550,0.240,yes,0.000,
Nitrobenzene,6,7,medium,134.56,129.780,135.668,orca,135.668,1.108,yes,0.000,yes
Nitrobenzene,7,5,6,good,129.31,129.550,130.551,lookup,129.550,0.240,yes,0.000,
Nitrobenzene,8,3,4,good,123.52,123.800,127.434,lookup,123.800,0.280,yes,0.000,yes
Nitromethane,0,1,medium,62.49,52.162,62.697,orca,62.697,0.207,yes,0.000,yes
Norbornadiene,0,4-7,good,143.43,145.025,149.140,lookup,145.025,1.595,yes,0.000,
Norbornadiene,1,4-7,good,143.43,145.025,149.124,lookup,145.025,1.595,yes,0.000,
Norbornadiene,2,2,3,good,50.26,50.479,52.358,lookup,50.479,0.219,yes,0.000,
Norbornadiene,3,4-7,good,143.43,145.025,149.130,lookup,145.025,1.595,yes,0.000,
Norbornadiene,4,4-7,good,143.43,145.025,149.142,lookup,145.025,1.595,yes,0.000,
Norbornadiene,5,2,3,good,50.26,50.479,52.376,lookup,50.479,0.219,yes,0.000,
Norbornadiene,6,1,good,75.32,75.338,83.187,lookup,75.338,0.018,yes,0.000,yes
Oxetane,0,3,rough,22.35,30.662,21.838,orca,21.838,0.512,yes,0.000,
Oxetane,1,2,4,medium,72.55,68.800,70.895,orca,70.895,1.655,yes,0.000,
Oxetane,3,2,4,medium,72.55,68.800,70.879,orca,70.879,1.671,yes,0.000,
Oxirane,0,2,3,good,40.94,40.547,41.417,lookup,40.547,0.393,yes,0.000,
Oxirane,1,2,3,good,40.94,40.547,41.444,lookup,40.547,0.393,yes,0.000,
Pivalonitrile,0,4-6,good,28.43,28.500,33.045,lookup,28.500,0.070,yes,0.000,
Pivalonitrile,1,3,rough,28.09,42.082,31.141,orca,31.141,3.051,yes,0.000,
Pivalonitrile,2,4-6,good,28.43,28.500,33.050,lookup,28.500,0.070,yes,0.000,
Pivalonitrile,3,4-6,good,28.43,28.500,33.051,lookup,28.500,0.070,yes,0.000,
Pivalonitrile,4,2,medium,125.94,117.155,120.906,lookup,117.155,8.785,NO,3.751,
Propionitrile,0,4,good,10.48,10.660,15.813,lookup,10.660,0.180,yes,0.000,yes
Propionitrile,1,3,good,10.92,10.840,14.732,lookup,10.840,0.080,yes,0.000,
Propionitrile,2,2,good,120.68,120.807,115.197,lookup,120.807,0.127,yes,0.000,yes
Pyridine,0,6,good,136.09,137.046,134.003,lookup,137.046,0.956,yes,0.000,yes
Pyridine,1,4,5,good,123.78,124.704,121.961,lookup,124.704,0.924,yes,0.000,
Pyridine,2,2,3,good,149.74,150.071,152.516,lookup,150.071,0.331,yes,0.000,
Pyridine,4,2,3,good,149.74,150.071,152.513,lookup,150.071,0.331,yes,0.000,
Pyridine,5,4,5,good,123.78,124.704,121.964,lookup,124.704,0.924,yes,0.000,
Pyrimidine,0,7,good,121.58,121.750,117.278,lookup,121.750,0.170,yes,0.000,yes
Pyrimidine,1,5,6,good,156.94,156.830,155.913,lookup,156.830,0.110,yes,0.000,
Pyrimidine,3,2,good,159.10,159.015,164.785,lookup,159.015,0.085,yes,0.000,yes
Pyrimidine,5,5,6,good,156.94,156.830,155.904,lookup,156.830,0.110,yes,0.000,
THF,0,4,5,good,25.62,25.736,29.994,lookup,25.736,0.116,yes,0.000,yes
THF,1,4,5,good,25.62,25.736,29.989,lookup,25.736,0.116,yes,0.000,yes
THF,2,2,3,good,67.99,67.456,69.792,lookup,67.456,0.534,yes,0.000,
THF,4,2,3,good,67.99,67.456,69.777,lookup,67.456,0.534,yes,0.000,
THP,0,1,medium,23.46,26.831,27.733,orca,27.733,4.273,NO,0.902,
THP,1,4,5,medium,26.60,25.244,30.276,orca,30.276,3.676,NO,2.320,yes
THP,2,6,7,good,68.71,68.780,69.814,lookup,68.780,0.070,yes,0.000,
THP,4,6,7,good,68.71,68.780,69.814,lookup,68.780,0.070,yes,0.000,
THP,5,4,5,medium,26.60,25.244,30.294,orca,30.294,3.694,NO,2.338,yes
Toluene,0,2,good,21.46,21.248,25.854,lookup,21.248,0.212,yes,0.000,yes
Toluene,1,3,good,137.89,137.828,139.260,lookup,137.828,0.062,yes,0.000,
Toluene,2,4,5,good,129.05,128.920,129.624,lookup,128.920,0.130,yes,0.000,
Toluene,3,6,7,good,128.24,128.758,129.241,lookup,128.758,0.518,yes,0.000,
Toluene,4,8,good,125.31,128.972,125.623,lookup,128.972,3.662,NO,3.349,yes
Toluene,5,6,7,good,128.24,128.758,129.257,lookup,128.758,0.518,yes,0.000,
Toluene,6,4,5,good,129.05,128.920,129.608,lookup,128.920,0.130,yes,0.000,
t-Butyl nitrate,0,3-5,medium,27.87,26.443,28.542,orca,28.542,0.672,yes,0.000,
t-Butyl nitrate,1,2,rough,85.06,77.382,79.847,orca,79.847,5.213,yes,0.000,
t-Butyl nitrate,2,3-5,medium,27.87,26.443,35.683,orca,35.683,7.813,NO,6.386,yes
t-Butyl nitrate,3,3-5,medium,27.87,26.443,28.545,orca,28.545,0.675,yes,0.000,
t-Butylacetylene,0,4-6,good,30.88,31.270,34.983,lookup,31.270,0.390,yes,0.000,
t-Butylacetylene,1,1,medium,27.23,27.929,30.583,lookup,27.929,0.699,yes,0.000,
t-Butylacetylene,2,4-6,good,30.88,31.270,35.001,lookup,31.270,0.390,yes,0.000,
t-Butylacetylene,3,4-6,good,30.88,31.270,34.993,lookup,31.270,0.390,yes,0.000,
t-Butylacetylene,4,2,medium,93.21,90.066,88.984,lookup,90.066,3.144,yes,0.000,
t-Butylacetylene,5,3,medium,66.36,72.130,67.909,lookup,72.130,5.770,NO,4.221,
t-Butylethylene,0,4-6,good,29.16,29.400,35.158,lookup,29.400,0.240,yes,0.000,yes
t-Butylethylene,1,3,medium,33.66,33.094,38.810,lookup,33.094,0.566,yes,0.000,
t-Butylethylene,2,4-6,good,29.16,29.400,30.383,lookup,29.400,0.240,yes,0.000,
t-Butylethylene,3,4-6,good,29.16,29.400,35.175,lookup,29.400,0.240,yes,0.000,yes
t-Butylethylene,4,2,rough,149.88,136.254,152.756,orca,152.756,2.876,yes,0.000,yes
t-Butylethylene,5,1,medium,108.86,112.243,112.485,lookup,112.243,3.383,yes,0.000,