# g(Q) = F(Q) - Q for LiH under ADOPTED, Huber-Herzberg r_e; amendment A7's frozen 2001-point grid.
Q_H,g_experimental,g_hf
-1.000,0.3191909220,0.2250179191
-0.999,0.3093660549,0.2137059536
-0.998,0.2993868447,0.2022052303
-0.997,0.2892501025,0.1905115375
-0.996,0.2789525580,0.1786205447
-0.995,0.2684908579,0.1665277985
-0.994,0.2578615630,0.1542287190
-0.993,0.2470611460,0.1417185950
-0.992,0.2360859889,0.1289925799
-0.991,0.2249323803,0.1160456873
-0.990,0.2135965128,0.1028727856
-0.989,0.2020744802,0.0894685938
-0.988,0.1903622746,0.0758276759
-0.987,0.1784557831,0.0619444355
-0.986,0.1663507855,0.0478131105
-0.985,0.1540429502,0.0334277670
-0.984,0.1415278316,0.0187822934
-0.983,0.1288008664,0.0038703942
-0.982,0.1158573701,-0.0113144169
-0.981,0.1026925335,-0.0190000000
-0.980,0.0893014188,-0.0200000000
-0.979,0.0756789561,-0.0210000000
-0.978,0.0618199388,-0.0220000000
-0.977,0.0477190201,-0.0230000000
-0.976,0.0333707083,-0.0240000000
-0.975,0.0187693628,-0.0250000000
-0.974,0.0039091890,-0.0260000000
-0.973,-0.0112157657,-0.0270000000
-0.972,-0.0266116174,-0.0280000000
-0.971,-0.0290000000,-0.0290000000
-0.970,-0.0300000000,-0.0300000000
-0.969,-0.0310000000,-0.0310000000
-0.968,-0.0320000000,-0.0320000000
-0.967,-0.0330000000,-0.0330000000
-0.966,-0.0340000000,-0.0340000000
-0.965,-0.0350000000,-0.0350000000
-0.964,-0.0360000000,-0.0360000000
-0.963,-0.0370000000,-0.0370000000
-0.962,-0.0380000000,-0.0380000000
-0.961,-0.0390000000,-0.0390000000
-0.960,-0.0400000000,-0.0400000000
-0.959,-0.0410000000,-0.0410000000
-0.958,-0.0420000000,-0.0420000000
-0.957,-0.0430000000,-0.0430000000
-0.956,-0.0440000000,-0.0440000000
-0.955,-0.0450000000,-0.0450000000
-0.954,-0.0460000000,-0.0460000000
-0.953,-0.0470000000,-0.0470000000
-0.952,-0.0480000000,-0.0480000000
-0.951,-0.0490000000,-0.0490000000
-0.950,-0.0500000000,-0.0500000000
-0.949,-0.0510000000,-0.0510000000
-0.948,-0.0520000000,-0.0520000000
-0.947,-0.0530000000,-0.0530000000
-0.946,-0.0540000000,-0.0540000000
-0.945,-0.0550000000,-0.0550000000
-0.944,-0.0560000000,-0.0560000000
-0.943,-0.0570000000,-0.0570000000
-0.942,-0.0580000000,-0.0580000000
-0.941,-0.0590000000,-0.0590000000
-0.940,-0.0600000000,-0.0600000000
-0.939,-0.0610000000,-0.0610000000
-0.938,-0.0620000000,-0.0620000000
-0.937,-0.0630000000,-0.0630000000
-0.936,-0.0640000000,-0.0640000000
-0.935,-0.0650000000,-0.0650000000
-0.934,-0.0660000000,-0.0660000000
-0.933,-0.0670000000,-0.0670000000
-0.932,-0.0680000000,-0.0680000000
-0.931,-0.0690000000,-0.0690000000
-0.930,-0.0700000000,-0.0700000000
-0.929,-0.0710000000,-0.0710000000
-0.928,-0.0720000000,-0.0720000000
-0.927,-0.0730000000,-0.0730000000
-0.926,-0.0740000000,-0.0740000000
-0.925,-0.0750000000,-0.0750000000
-0.924,-0.0760000000,-0.0760000000
-0.923,-0.0770000000,-0.0770000000
-0.922,-0.0780000000,-0.0780000000
-0.921,-0.0790000000,-0.0790000000
-0.920,-0.0800000000,-0.0800000000
-0.919,-0.0810000000,-0.0810000000
-0.918,-0.0820000000,-0.0820000000
-0.917,-0.0830000000,-0.0830000000
-0.916,-0.0840000000,-0.0840000000
-0.915,-0.0850000000,-0.0850000000
-0.914,-0.0860000000,-0.0860000000
-0.913,-0.0870000000,-0.0870000000
-0.912,-0.0880000000,-0.0880000000
-0.911,-0.0890000000,-0.0890000000
-0.910,-0.0900000000,-0.0900000000
-0.909,-0.0910000000,-0.0910000000
-0.908,-0.0920000000,-0.0920000000
-0.907,-0.0930000000,-0.0930000000
-0.906,-0.0940000000,-0.0940000000
-0.905,-0.0950000000,-0.0950000000
-0.904,-0.0960000000,-0.0960000000
-0.903,-0.0970000000,-0.0970000000
-0.902,-0.0980000000,-0.0980000000
-0.901,-0.0990000000,-0.0990000000
-0.900,-0.1000000000,-0.1000000000
-0.899,-0.1010000000,-0.1010000000
-0.898,-0.1020000000,-0.1020000000
-0.897,-0.1030000000,-0.1030000000
-0.896,-0.1040000000,-0.1040000000
-0.895,-0.1050000000,-0.1050000000
-0.894,-0.1060000000,-0.1060000000
-0.893,-0.1070000000,-0.1070000000
-0.892,-0.1080000000,-0.1080000000
-0.891,-0.1090000000,-0.1090000000
-0.890,-0.1100000000,-0.1100000000
-0.889,-0.1110000000,-0.1110000000
-0.888,-0.1120000000,-0.1120000000
-0.887,-0.1130000000,-0.1130000000
-0.886,-0.1140000000,-0.1140000000
-0.885,-0.1150000000,-0.1150000000
-0.884,-0.1160000000,-0.1160000000
-0.883,-0.1170000000,-0.1170000000
-0.882,-0.1180000000,-0.1180000000
-0.881,-0.1190000000,-0.1190000000
-0.880,-0.1200000000,-0.1200000000
-0.879,-0.1210000000,-0.1210000000
-0.878,-0.1220000000,-0.1220000000
-0.877,-0.1230000000,-0.1230000000
-0.876,-0.1240000000,-0.1240000000
-0.875,-0.1250000000,-0.1250000000
-0.874,-0.1260000000,-0.1260000000
-0.873,-0.1270000000,-0.1270000000
-0.872,-0.1280000000,-0.1280000000
-0.871,-0.1290000000,-0.1290000000
-0.870,-0.1300000000,-0.1300000000
-0.869,-0.1310000000,-0.1310000000
-0.868,-0.1320000000,-0.1320000000
-0.867,-0.1330000000,-0.1330000000
-0.866,-0.1340000000,-0.1340000000
-0.865,-0.1350000000,-0.1350000000
-0.864,-0.1360000000,-0.1360000000
-0.863,-0.1370000000,-0.1370000000
-0.862,-0.1380000000,-0.1380000000
-0.861,-0.1390000000,-0.1390000000
-0.860,-0.1400000000,-0.1400000000
-0.859,-0.1410000000,-0.1410000000
-0.858,-0.1420000000,-0.1420000000
-0.857,-0.1430000000,-0.1430000000
-0.856,-0.1440000000,-0.1440000000
-0.855,-0.1450000000,-0.1450000000
-0.854,-0.1460000000,-0.1460000000
-0.853,-0.1470000000,-0.1470000000
-0.852,-0.1480000000,-0.1480000000
-0.851,-0.1490000000,-0.1490000000
-0.850,-0.1500000000,-0.1500000000
-0.849,-0.1510000000,-0.1510000000
-0.848,-0.1520000000,-0.1520000000
-0.847,-0.1530000000,-0.1530000000
-0.846,-0.1540000000,-0.1540000000
-0.845,-0.1550000000,-0.1550000000
-0.844,-0.1560000000,-0.1560000000
-0.843,-0.1570000000,-0.1570000000
-0.842,-0.1580000000,-0.1580000000
-0.841,-0.1590000000,-0.1590000000
-0.840,-0.1600000000,-0.1600000000
-0.839,-0.1610000000,-0.1610000000
-0.838,-0.1620000000,-0.1620000000
-0.837,-0.1630000000,-0.1630000000
-0.836,-0.1640000000,-0.1640000000
-0.835,-0.1650000000,-0.1650000000
-0.834,-0.1660000000,-0.1660000000
-0.833,-0.1670000000,-0.1670000000
-0.832,-0.1680000000,-0.1680000000
-0.831,-0.1690000000,-0.1690000000
-0.830,-0.1700000000,-0.1700000000
-0.829,-0.1710000000,-0.1710000000
-0.828,-0.1720000000,-0.1720000000
-0.827,-0.1730000000,-0.1730000000
-0.826,-0.1740000000,-0.1740000000
-0.825,-0.1750000000,-0.1750000000
-0.824,-0.1760000000,-0.1760000000
-0.823,-0.1770000000,-0.1770000000
-0.822,-0.1780000000,-0.1780000000
-0.821,-0.1790000000,-0.1790000000
-0.820,-0.1800000000,-0.1800000000
-0.819,-0.1810000000,-0.1810000000
-0.818,-0.1820000000,-0.1820000000
-0.817,-0.1830000000,-0.1830000000
-0.816,-0.1840000000,-0.1840000000
-0.815,-0.1850000000,-0.1850000000
-0.814,-0.1860000000,-0.1860000000
-0.813,-0.1870000000,-0.1870000000
-0.812,-0.1880000000,-0.1880000000
-0.811,-0.1890000000,-0.1890000000
-0.810,-0.1900000000,-0.1900000000
-0.809,-0.1910000000,-0.1910000000
-0.808,-0.1920000000,-0.1920000000
-0.807,-0.1930000000,-0.1930000000
-0.806,-0.1940000000,-0.1940000000
-0.805,-0.1950000000,-0.1950000000
-0.804,-0.1960000000,-0.1960000000
-0.803,-0.1970000000,-0.1970000000
-0.802,-0.1980000000,-0.1980000000
-0.801,-0.1990000000,-0.1990000000
-0.800,-0.2000000000,-0.2000000000
-0.799,-0.2010000000,-0.2010000000
-0.798,-0.2020000000,-0.2020000000
-0.797,-0.2030000000,-0.2030000000
-0.796,-0.2040000000,-0.2040000000
-0.795,-0.2050000000,-0.2050000000
-0.794,-0.2060000000,-0.2060000000
-0.793,-0.2070000000,-0.2070000000
-0.792,-0.2080000000,-0.2080000000
-0.791,-0.2090000000,-0.2090000000
-0.790,-0.2100000000,-0.2100000000
-0.789,-0.2110000000,-0.2110000000
-0.788,-0.2120000000,-0.2120000000
-0.787,-0.2130000000,-0.2130000000
-0.786,-0.2140000000,-0.2140000000
-0.785,-0.2150000000,-0.2150000000
-0.784,-0.2160000000,-0.2160000000
-0.783,-0.2170000000,-0.2170000000
-0.782,-0.2180000000,-0.2180000000
-0.781,-0.2190000000,-0.2190000000
-0.780,-0.2200000000,-0.2200000000
-0.779,-0.2210000000,-0.2210000000
-0.778,-0.2220000000,-0.2220000000
-0.777,-0.2230000000,-0.2230000000
-0.776,-0.2240000000,-0.2240000000
-0.775,-0.2250000000,-0.2250000000
-0.774,-0.2260000000,-0.2260000000
-0.773,-0.2270000000,-0.2270000000
-0.772,-0.2280000000,-0.2280000000
-0.771,-0.2290000000,-0.2290000000
-0.770,-0.2300000000,-0.2300000000
-0.769,-0.2310000000,-0.2310000000
-0.768,-0.2320000000,-0.2320000000
-0.767,-0.2330000000,-0.2330000000
-0.766,-0.2340000000,-0.2340000000
-0.765,-0.2350000000,-0.2350000000
-0.764,-0.2360000000,-0.2360000000
-0.763,-0.2370000000,-0.2370000000
-0.762,-0.2380000000,-0.2380000000
-0.761,-0.2390000000,-0.2390000000
-0.760,-0.2400000000,-0.2400000000
-0.759,-0.2410000000,-0.2410000000
-0.758,-0.2420000000,-0.2420000000
-0.757,-0.2430000000,-0.2430000000
-0.756,-0.2440000000,-0.2440000000
-0.755,-0.2450000000,-0.2450000000
-0.754,-0.2460000000,-0.2460000000
-0.753,-0.2470000000,-0.2470000000
-0.752,-0.2480000000,-0.2480000000
-0.751,-0.2490000000,-0.2490000000
-0.750,-0.2500000000,-0.2500000000
-0.749,-0.2510000000,-0.2510000000
-0.748,-0.2520000000,-0.2520000000
-0.747,-0.2530000000,-0.2530000000
-0.746,-0.2540000000,-0.2540000000
-0.745,-0.2550000000,-0.2550000000
-0.744,-0.2560000000,-0.2560000000
-0.743,-0.2570000000,-0.2570000000
-0.742,-0.2580000000,-0.2580000000
-0.741,-0.2590000000,-0.2590000000
-0.740,-0.2600000000,-0.2600000000
-0.739,-0.2610000000,-0.2610000000
-0.738,-0.2620000000,-0.2620000000
-0.737,-0.2630000000,-0.2630000000
-0.736,-0.2640000000,-0.2640000000
-0.735,-0.2650000000,-0.2650000000
-0.734,-0.2660000000,-0.2660000000
-0.733,-0.2670000000,-0.2670000000
-0.732,-0.2680000000,-0.2680000000
-0.731,-0.2690000000,-0.2690000000
-0.730,-0.2700000000,-0.2700000000
-0.729,-0.2710000000,-0.2710000000
-0.728,-0.2720000000,-0.2720000000
-0.727,-0.2730000000,-0.2730000000
-0.726,-0.2740000000,-0.2740000000
-0.725,-0.2750000000,-0.2750000000
-0.724,-0.2760000000,-0.2760000000
-0.723,-0.2770000000,-0.2770000000
-0.722,-0.2780000000,-0.2780000000
-0.721,-0.2790000000,-0.2790000000
-0.720,-0.2800000000,-0.2800000000
-0.719,-0.2810000000,-0.2810000000
-0.718,-0.2820000000,-0.2820000000
-0.717,-0.2830000000,-0.2830000000
-0.716,-0.2840000000,-0.2840000000
-0.715,-0.2850000000,-0.2850000000
-0.714,-0.2860000000,-0.2860000000
-0.713,-0.2870000000,-0.2870000000
-0.712,-0.2880000000,-0.2880000000
-0.711,-0.2890000000,-0.2890000000
-0.710,-0.2900000000,-0.2900000000
-0.709,-0.2910000000,-0.2910000000
-0.708,-0.2920000000,-0.2920000000
-0.707,-0.2930000000,-0.2930000000
-0.706,-0.2940000000,-0.2940000000
-0.705,-0.2950000000,-0.2950000000
-0.704,-0.2960000000,-0.2960000000
-0.703,-0.2970000000,-0.2970000000
-0.702,-0.2980000000,-0.2980000000
-0.701,-0.2990000000,-0.2990000000
-0.700,-0.3000000000,-0.3000000000
-0.699,-0.3010000000,-0.3010000000
-0.698,-0.3020000000,-0.3020000000
-0.697,-0.3030000000,-0.3030000000
-0.696,-0.3040000000,-0.3040000000
-0.695,-0.3050000000,-0.3050000000
-0.694,-0.3060000000,-0.3060000000
-0.693,-0.3070000000,-0.3070000000
-0.692,-0.3080000000,-0.3080000000
-0.691,-0.3090000000,-0.3090000000
-0.690,-0.3100000000,-0.3100000000
-0.689,-0.3110000000,-0.3110000000
-0.688,-0.3120000000,-0.3120000000
-0.687,-0.3130000000,-0.3130000000
-0.686,-0.3140000000,-0.3140000000
-0.685,-0.3150000000,-0.3150000000
-0.684,-0.3160000000,-0.3160000000
-0.683,-0.3170000000,-0.3170000000
-0.682,-0.3180000000,-0.3180000000
-0.681,-0.3190000000,-0.3190000000
-0.680,-0.3200000000,-0.3200000000
-0.679,-0.3210000000,-0.3210000000
-0.678,-0.3220000000,-0.3220000000
-0.677,-0.3230000000,-0.3230000000
-0.676,-0.3240000000,-0.3240000000
-0.675,-0.3250000000,-0.3250000000
-0.674,-0.3260000000,-0.3260000000
-0.673,-0.3270000000,-0.3270000000
-0.672,-0.3280000000,-0.3280000000
-0.671,-0.3290000000,-0.3290000000
-0.670,-0.3300000000,-0.3300000000
-0.669,-0.3310000000,-0.3310000000
-0.668,-0.3320000000,-0.3320000000
-0.667,-0.3330000000,-0.3330000000
-0.666,-0.3340000000,-0.3340000000
-0.665,-0.3350000000,-0.3350000000
-0.664,-0.3360000000,-0.3360000000
-0.663,-0.3370000000,-0.3370000000
-0.662,-0.3380000000,-0.3380000000
-0.661,-0.3390000000,-0.3390000000
-0.660,-0.3400000000,-0.3400000000
-0.659,-0.3410000000,-0.3410000000
-0.658,-0.3420000000,-0.3420000000
-0.657,-0.3430000000,-0.3430000000
-0.656,-0.3440000000,-0.3440000000
-0.655,-0.3450000000,-0.3450000000
-0.654,-0.3460000000,-0.3460000000
-0.653,-0.3470000000,-0.3470000000
-0.652,-0.3480000000,-0.3480000000
-0.651,-0.3490000000,-0.3490000000
-0.650,-0.3500000000,-0.3500000000
-0.649,-0.3510000000,-0.3510000000
-0.648,-0.3520000000,-0.3520000000
-0.647,-0.3530000000,-0.3530000000
-0.646,-0.3540000000,-0.3540000000
-0.645,-0.3550000000,-0.3550000000
-0.644,-0.3560000000,-0.3560000000
-0.643,-0.3570000000,-0.3570000000
-0.642,-0.3580000000,-0.3580000000
-0.641,-0.3590000000,-0.3590000000
-0.640,-0.3600000000,-0.3600000000
-0.639,-0.3610000000,-0.3610000000
-0.638,-0.3620000000,-0.3620000000
-0.637,-0.3630000000,-0.3630000000
-0.636,-0.3640000000,-0.3640000000
-0.635,-0.3650000000,-0.3650000000
-0.634,-0.3660000000,-0.3660000000
-0.633,-0.3670000000,-0.3670000000
-0.632,-0.3680000000,-0.3680000000
-0.631,-0.3690000000,-0.3690000000
-0.630,-0.3700000000,-0.3700000000
-0.629,-0.3710000000,-0.3710000000
-0.628,-0.3720000000,-0.3720000000
-0.627,-0.3730000000,-0.3730000000
-0.626,-0.3740000000,-0.3740000000
-0.625,-0.3750000000,-0.3750000000
-0.624,-0.3760000000,-0.3760000000
-0.623,-0.3770000000,-0.3770000000
-0.622,-0.3780000000,-0.3780000000
-0.621,-0.3790000000,-0.3790000000
-0.620,-0.3800000000,-0.3800000000
-0.619,-0.3810000000,-0.3810000000
-0.618,-0.3820000000,-0.3820000000
-0.617,-0.3830000000,-0.3830000000
-0.616,-0.3840000000,-0.3840000000
-0.615,-0.3850000000,-0.3850000000
-0.614,-0.3860000000,-0.3860000000
-0.613,-0.3870000000,-0.3870000000
-0.612,-0.3880000000,-0.3880000000
-0.611,-0.3890000000,-0.3890000000
-0.610,-0.3900000000,-0.3900000000
-0.609,-0.3910000000,-0.3910000000
-0.608,-0.3920000000,-0.3920000000
-0.607,-0.3930000000,-0.3930000000
-0.606,-0.3940000000,-0.3940000000
-0.605,-0.3950000000,-0.3950000000
-0.604,-0.3960000000,-0.3960000000
-0.603,-0.3970000000,-0.3970000000
-0.602,-0.3980000000,-0.3980000000
-0.601,-0.3990000000,-0.3990000000
-0.600,-0.4000000000,-0.4000000000
-0.599,-0.4010000000,-0.4010000000
-0.598,-0.4020000000,-0.4020000000
-0.597,-0.4030000000,-0.4030000000
-0.596,-0.4040000000,-0.4040000000
-0.595,-0.4050000000,-0.4050000000
-0.594,-0.4060000000,-0.4060000000
-0.593,-0.4070000000,-0.4070000000
-0.592,-0.4080000000,-0.4080000000
-0.591,-0.4090000000,-0.4090000000
-0.590,-0.4100000000,-0.4100000000
-0.589,-0.4110000000,-0.4110000000
-0.588,-0.4120000000,-0.4120000000
-0.587,-0.4130000000,-0.4130000000
-0.586,-0.4140000000,-0.4140000000
-0.585,-0.4150000000,-0.4150000000
-0.584,-0.4160000000,-0.4160000000
-0.583,-0.4170000000,-0.4170000000
-0.582,-0.4180000000,-0.4180000000
-0.581,-0.4190000000,-0.4190000000
-0.580,-0.4200000000,-0.4200000000
-0.579,-0.4210000000,-0.4210000000
-0.578,-0.4162890106,-0.4220000000
-0.577,-0.4111887168,-0.4230000000
-0.576,-0.4061524524,-0.4240000000
-0.575,-0.4011793011,-0.4250000000
-0.574,-0.3962683633,-0.4260000000
-0.573,-0.3914187549,-0.4270000000
-0.572,-0.3866296077,-0.4280000000
-0.571,-0.3819000690,-0.4290000000
-0.570,-0.3772293007,-0.4300000000
-0.569,-0.3726164797,-0.4310000000
-0.568,-0.3680607971,-0.4320000000
-0.567,-0.3635614583,-0.4330000000
-0.566,-0.3591176823,-0.4340000000
-0.565,-0.3547287015,-0.4350000000
-0.564,-0.3503937620,-0.4360000000
-0.563,-0.3461121223,-0.4370000000
-0.562,-0.3418830539,-0.4380000000
-0.561,-0.3377058409,-0.4390000000
-0.560,-0.3335797791,-0.4400000000
-0.559,-0.3295041767,-0.4410000000
-0.558,-0.3254783534,-0.4420000000
-0.557,-0.3215016404,-0.4430000000
-0.556,-0.3175733801,-0.4440000000
-0.555,-0.3136929259,-0.4450000000
-0.554,-0.3098596421,-0.4460000000
-0.553,-0.3060729034,-0.4470000000
-0.552,-0.3023320951,-0.4480000000
-0.551,-0.2986366125,-0.4490000000
-0.550,-0.2949858609,-0.4500000000
-0.549,-0.2913792554,-0.4510000000
-0.548,-0.2878162205,-0.4520000000
-0.547,-0.2842961905,-0.4530000000
-0.546,-0.2808186084,-0.4540000000
-0.545,-0.2773829266,-0.4550000000
-0.544,-0.2739886063,-0.4560000000
-0.543,-0.2706351172,-0.4570000000
-0.542,-0.2673219377,-0.4580000000
-0.541,-0.2640485545,-0.4590000000
-0.540,-0.2608144625,-0.4600000000
-0.539,-0.2576191646,-0.4610000000
-0.538,-0.2544621716,-0.4611491572
-0.537,-0.2513430022,-0.4565546996
-0.536,-0.2482611824,-0.4520151304
-0.535,-0.2452162458,-0.4475297018
-0.534,-0.2422077334,-0.4430976788
-0.533,-0.2392351933,-0.4387183392
-0.532,-0.2362981806,-0.4343909731
-0.531,-0.2333962573,-0.4301148827
-0.530,-0.2305289922,-0.4258893822
-0.529,-0.2276959609,-0.4217137973
-0.528,-0.2248967453,-0.4175874652
-0.527,-0.2221309338,-0.4135097342
-0.526,-0.2193981211,-0.4094799636
-0.525,-0.2166979082,-0.4054975233
-0.524,-0.2140299020,-0.4015617939
-0.523,-0.2113937155,-0.3976721661
-0.522,-0.2087889673,-0.3938280408
-0.521,-0.2062152820,-0.3900288287
-0.520,-0.2036722899,-0.3862739502
-0.519,-0.2011596265,-0.3825628352
-0.518,-0.1986769330,-0.3788949230
-0.517,-0.1962238559,-0.3752696620
-0.516,-0.1938000469,-0.3716865092
-0.515,-0.1914051629,-0.3681449310
-0.514,-0.1890388659,-0.3646444018
-0.513,-0.1867008227,-0.3611844048
-0.512,-0.1843907052,-0.3577644313
-0.511,-0.1821081900,-0.3543839807
-0.510,-0.1798529584,-0.3510425605
-0.509,-0.1776246964,-0.3477396859
-0.508,-0.1754230945,-0.3444748796
-0.507,-0.1732478477,-0.3412476722
-0.506,-0.1710986554,-0.3380576012
-0.505,-0.1689752213,-0.3349042116
-0.504,-0.1668772533,-0.3317870555
-0.503,-0.1648044637,-0.3287056918
-0.502,-0.1627565685,-0.3256596863
-0.501,-0.1607332882,-0.3226486115
-0.500,-0.1587343469,-0.3196720464
-0.499,-0.1567594727,-0.3167295766
-0.498,-0.1548083977,-0.3138207939
-0.497,-0.1528808576,-0.3109452964
-0.496,-0.1509765917,-0.3081026881
-0.495,-0.1490953433,-0.3052925793
-0.494,-0.1472368588,-0.3025145858
-0.493,-0.1454008886,-0.2997683297
-0.492,-0.1435871861,-0.2970534381
-0.491,-0.1417955086,-0.2943695442
-0.490,-0.1400256163,-0.2917162864
-0.489,-0.1382772730,-0.2890933086
-0.488,-0.1365502456,-0.2865002598
-0.487,-0.1348443041,-0.2839367943
-0.486,-0.1331592218,-0.2814025715
-0.485,-0.1314947751,-0.2788972557
-0.484,-0.1298507432,-0.2764205162
-0.483,-0.1282269085,-0.2739720269
-0.482,-0.1266230563,-0.2715514668
-0.481,-0.1250389747,-0.2691585191
-0.480,-0.1234744548,-0.2667928721
-0.479,-0.1219292902,-0.2644542181
-0.478,-0.1204032776,-0.2621422540
-0.477,-0.1188962162,-0.2598566811
-0.476,-0.1174079078,-0.2575972048
-0.475,-0.1159381571,-0.2553635349
-0.474,-0.1144867710,-0.2531553851
-0.473,-0.1130535593,-0.2509724733
-0.472,-0.1116383340,-0.2488145213
-0.471,-0.1102409098,-0.2466812548
-0.470,-0.1088611037,-0.2445724032
-0.469,-0.1074987351,-0.2424877001
-0.468,-0.1061536256,-0.2404268823
-0.467,-0.1048255994,-0.2383896905
-0.466,-0.1035144828,-0.2363758691
-0.465,-0.1022201043,-0.2343851659
-0.464,-0.1009422946,-0.2324173320
-0.463,-0.0996808868,-0.2304721222
-0.462,-0.0984357158,-0.2285492945
-0.461,-0.0972066188,-0.2266486102
-0.460,-0.0959934350,-0.2247698339
-0.459,-0.0947960057,-0.2229127333
-0.458,-0.0936141742,-0.2210770794
-0.457,-0.0924477858,-0.2192626460
-0.456,-0.0912966875,-0.2174692104
-0.455,-0.0901607285,-0.2156965524
-0.454,-0.0890397599,-0.2139444549
-0.453,-0.0879336345,-0.2122127040
-0.452,-0.0868422069,-0.2105010881
-0.451,-0.0857653338,-0.2088093988
-0.450,-0.0847028732,-0.2071374304
-0.449,-0.0836546853,-0.2054849797
-0.448,-0.0826206319,-0.2038518464
-0.447,-0.0816005763,-0.2022378328
-0.446,-0.0805943837,-0.2006427436
-0.445,-0.0796019208,-0.1990663861
-0.444,-0.0786230561,-0.1975085704
-0.443,-0.0776576595,-0.1959691086
-0.442,-0.0767056027,-0.1944478156
-0.441,-0.0757667587,-0.1929445085
-0.440,-0.0748410022,-0.1914590067
-0.439,-0.0739282094,-0.1899911320
-0.438,-0.0730282579,-0.1885407086
-0.437,-0.0721410269,-0.1871075627
-0.436,-0.0712663970,-0.1856915229
-0.435,-0.0704042501,-0.1842924198
-0.434,-0.0695544696,-0.1829100863
-0.433,-0.0687169403,-0.1815443573
-0.432,-0.0678915484,-0.1801950698
-0.431,-0.0670781813,-0.1788620629
-0.430,-0.0662767279,-0.1775451777
-0.429,-0.0654870784,-0.1762442571
-0.428,-0.0647091240,-0.1749591463
-0.427,-0.0639427575,-0.1736896921
-0.426,-0.0631878728,-0.1724357433
-0.425,-0.0624443651,-0.1711971506
-0.424,-0.0617121308,-0.1699737666
-0.423,-0.0609910675,-0.1687654455
-0.422,-0.0602810738,-0.1675720435
-0.421,-0.0595820499,-0.1663934184
-0.420,-0.0588938967,-0.1652294299
-0.419,-0.0582165165,-0.1640799392
-0.418,-0.0575498125,-0.1629448093
-0.417,-0.0568936894,-0.1618239048
-0.416,-0.0562480525,-0.1607170921
-0.415,-0.0556128085,-0.1596242389
-0.414,-0.0549878651,-0.1585452147
-0.413,-0.0543731309,-0.1574798907
-0.412,-0.0537685158,-0.1564281392
-0.411,-0.0531739304,-0.1553898344
-0.410,-0.0525892865,-0.1543648518
-0.409,-0.0520144968,-0.1533530685
-0.408,-0.0514494752,-0.1523543630
-0.407,-0.0508941361,-0.1513686152
-0.406,-0.0503483954,-0.1503957064
-0.405,-0.0498121696,-0.1494355193
-0.404,-0.0492853760,-0.1484879380
-0.403,-0.0487679333,-0.1475528480
-0.402,-0.0482597606,-0.1466301360
-0.401,-0.0477607781,-0.1457196902
-0.400,-0.0472709069,-0.1448213998
-0.399,-0.0467900690,-0.1439351556
-0.398,-0.0463181871,-0.1430608494
-0.397,-0.0458551848,-0.1421983744
-0.396,-0.0454009866,-0.1413476251
-0.395,-0.0449555178,-0.1405084969
-0.394,-0.0445187044,-0.1396808866
-0.393,-0.0440904734,-0.1388646923
-0.392,-0.0436707523,-0.1380598130
-0.391,-0.0432594697,-0.1372661489
-0.390,-0.0428565547,-0.1364836015
-0.389,-0.0424619374,-0.1357120731
-0.388,-0.0420755484,-0.1349514674
-0.387,-0.0416973192,-0.1342016891
-0.386,-0.0413271819,-0.1334626439
-0.385,-0.0409650695,-0.1327342385
-0.384,-0.0406109156,-0.1320163807
-0.383,-0.0402646545,-0.1313089794
-0.382,-0.0399262213,-0.1306119445
-0.381,-0.0395955515,-0.1299251867
-0.380,-0.0392725815,-0.1292486180
-0.379,-0.0389572485,-0.1285821510
-0.378,-0.0386494900,-0.1279256995
-0.377,-0.0383492444,-0.1272791783
-0.376,-0.0380564507,-0.1266425029
-0.375,-0.0377710484,-0.1260155899
-0.374,-0.0374929779,-0.1253983567
-0.373,-0.0372221800,-0.1247907217
-0.372,-0.0369585961,-0.1241926041
-0.371,-0.0367021683,-0.1236039239
-0.370,-0.0364528392,-0.1230246022
-0.369,-0.0362105521,-0.1224545608
-0.368,-0.0359752509,-0.1218937222
-0.367,-0.0357468798,-0.1213420100
-0.366,-0.0355253839,-0.1207993484
-0.365,-0.0353107087,-0.1202656626
-0.364,-0.0351028003,-0.1197408783
-0.363,-0.0349016053,-0.1192249223
-0.362,-0.0347070707,-0.1187177221
-0.361,-0.0345191444,-0.1182192057
-0.360,-0.0343377746,-0.1177293023
-0.359,-0.0341629098,-0.1172479414
-0.358,-0.0339944995,-0.1167750536
-0.357,-0.0338324934,-0.1163105699
-0.356,-0.0336768416,-0.1158544224
-0.355,-0.0335274950,-0.1154065435
-0.354,-0.0333844048,-0.1149668667
-0.353,-0.0332475226,-0.1145353257
-0.352,-0.0331168008,-0.1141118554
-0.351,-0.0329921919,-0.1136963911
-0.350,-0.0328736490,-0.1132888687
-0.349,-0.0327611258,-0.1128892250
-0.348,-0.0326545763,-0.1124973972
-0.347,-0.0325539551,-0.1121133233
-0.346,-0.0324592169,-0.1117369418
-0.345,-0.0323703172,-0.1113681920
-0.344,-0.0322872118,-0.1110070137
-0.343,-0.0322098570,-0.1106533474
-0.342,-0.0321382094,-0.1103071339
-0.341,-0.0320722260,-0.1099683151
-0.340,-0.0320118644,-0.1096368330
-0.339,-0.0319570824,-0.1093126305
-0.338,-0.0319078384,-0.1089956510
-0.337,-0.0318640910,-0.1086858383
-0.336,-0.0318257994,-0.1083831371
-0.335,-0.0317929230,-0.1080874922
-0.334,-0.0317654218,-0.1077988493
-0.333,-0.0317432558,-0.1075171545
-0.332,-0.0317263859,-0.1072423546
-0.331,-0.0317147729,-0.1069743966
-0.330,-0.0317083783,-0.1067132283
-0.329,-0.0317071637,-0.1064587978
-0.328,-0.0317110913,-0.1062110540
-0.327,-0.0317201235,-0.1059699460
-0.326,-0.0317342231,-0.1057354236
-0.325,-0.0317533533,-0.1055074369
-0.324,-0.0317774775,-0.1052859368
-0.323,-0.0318065596,-0.1050708742
-0.322,-0.0318405637,-0.1048622010
-0.321,-0.0318794543,-0.1046598691
-0.320,-0.0319231963,-0.1044638312
-0.319,-0.0319717547,-0.1042740403
-0.318,-0.0320250952,-0.1040904499
-0.317,-0.0320831833,-0.1039130139
-0.316,-0.0321459854,-0.1037416867
-0.315,-0.0322134677,-0.1035764230
-0.314,-0.0322855970,-0.1034171781
-0.313,-0.0323623402,-0.1032639077
-0.312,-0.0324436648,-0.1031165678
-0.311,-0.0325295384,-0.1029751149
-0.310,-0.0326199288,-0.1028395059
-0.309,-0.0327148042,-0.1027096982
-0.308,-0.0328141332,-0.1025856493
-0.307,-0.0329178846,-0.1024673175
-0.306,-0.0330260273,-0.1023546613
-0.305,-0.0331385307,-0.1022476394
-0.304,-0.0332553644,-0.1021462112
-0.303,-0.0333764983,-0.1020503364
-0.302,-0.0335019026,-0.1019599749
-0.301,-0.0336315476,-0.1018750871
-0.300,-0.0337654040,-0.1017956338
-0.299,-0.0339034428,-0.1017215761
-0.298,-0.0340456352,-0.1016528755
-0.297,-0.0341919526,-0.1015894937
-0.296,-0.0343423667,-0.1015313931
-0.295,-0.0344968494,-0.1014785361
-0.294,-0.0346553730,-0.1014308856
-0.293,-0.0348179100,-0.1013884048
-0.292,-0.0349844329,-0.1013510572
-0.291,-0.0351549147,-0.1013188067
-0.290,-0.0353293286,-0.1012916175
-0.289,-0.0355076479,-0.1012694541
-0.288,-0.0356898463,-0.1012522814
-0.287,-0.0358758977,-0.1012400645
-0.286,-0.0360657761,-0.1012327689
-0.285,-0.0362594557,-0.1012303604
-0.284,-0.0364569112,-0.1012328051
-0.283,-0.0366581173,-0.1012400693
-0.282,-0.0368630489,-0.1012521198
-0.281,-0.0370716813,-0.1012689235
-0.280,-0.0372839897,-0.1012904477
-0.279,-0.0374999498,-0.1013166600
-0.278,-0.0377195375,-0.1013475283
-0.277,-0.0379427286,-0.1013830207
-0.276,-0.0381694995,-0.1014231056
-0.275,-0.0383998265,-0.1014677517
-0.274,-0.0386336863,-0.1015169279
-0.273,-0.0388710557,-0.1015706037
-0.272,-0.0391119117,-0.1016287483
-0.271,-0.0393562315,-0.1016913317
-0.270,-0.0396039924,-0.1017583239
-0.269,-0.0398551722,-0.1018296952
-0.268,-0.0401097485,-0.1019054161
-0.267,-0.0403676993,-0.1019854575
-0.266,-0.0406290028,-0.1020697904
-0.265,-0.0408936373,-0.1021583862
-0.264,-0.0411615813,-0.1022512164
-0.263,-0.0414328134,-0.1023482529
-0.262,-0.0417073125,-0.1024494676
-0.261,-0.0419850578,-0.1025548329
-0.260,-0.0422660283,-0.1026643213
-0.259,-0.0425502035,-0.1027779056
-0.258,-0.0428375629,-0.1028955588
-0.257,-0.0431280862,-0.1030172541
-0.256,-0.0434217533,-0.1031429649
-0.255,-0.0437185443,-0.1032726649
-0.254,-0.0440184393,-0.1034063281
-0.253,-0.0443214188,-0.1035439285
-0.252,-0.0446274633,-0.1036854406
-0.251,-0.0449365534,-0.1038308387
-0.250,-0.0452486701,-0.1039800978
-0.249,-0.0455637942,-0.1041331927
-0.248,-0.0458819071,-0.1042900987
-0.247,-0.0462029899,-0.1044507912
-0.246,-0.0465270242,-0.1046152458
-0.245,-0.0468539915,-0.1047834382
-0.244,-0.0471838736,-0.1049553445
-0.243,-0.0475166524,-0.1051309409
-0.242,-0.0478523100,-0.1053102038
-0.241,-0.0481908285,-0.1054931097
-0.240,-0.0485321903,-0.1056796355
-0.239,-0.0488763778,-0.1058697581
-0.238,-0.0492233737,-0.1060634547
-0.237,-0.0495731607,-0.1062607027
-0.236,-0.0499257217,-0.1064614795
-0.235,-0.0502810396,-0.1066657630
-0.234,-0.0506390978,-0.1068735310
-0.233,-0.0509998794,-0.1070847615
-0.232,-0.0513633679,-0.1072994330
-0.231,-0.0517295468,-0.1075175237
-0.230,-0.0520983997,-0.1077390123
-0.229,-0.0524699106,-0.1079638777
-0.228,-0.0528440634,-0.1081920987
-0.227,-0.0532208420,-0.1084236544
-0.226,-0.0536002307,-0.1086585242
-0.225,-0.0539822137,-0.1088966875
-0.224,-0.0543667756,-0.1091381240
-0.223,-0.0547539008,-0.1093828134
-0.222,-0.0551435741,-0.1096307357
-0.221,-0.0555357801,-0.1098818710
-0.220,-0.0559305038,-0.1101361995
-0.219,-0.0563277303,-0.1103937017
-0.218,-0.0567274446,-0.1106543581
-0.217,-0.0571296319,-0.1109181495
-0.216,-0.0575342778,-0.1111850568
-0.215,-0.0579413675,-0.1114550609
-0.214,-0.0583508868,-0.1117281432
-0.213,-0.0587628212,-0.1120042848
-0.212,-0.0591771567,-0.1122834673
-0.211,-0.0595938790,-0.1125656723
-0.210,-0.0600129743,-0.1128508815
-0.209,-0.0604344286,-0.1131390769
-0.208,-0.0608582282,-0.1134302405
-0.207,-0.0612843593,-0.1137243546
-0.206,-0.0617128085,-0.1140214013
-0.205,-0.0621435623,-0.1143213632
-0.204,-0.0625766072,-0.1146242229
-0.203,-0.0630119300,-0.1149299631
-0.202,-0.0634495176,-0.1152385667
-0.201,-0.0638893569,-0.1155500167
-0.200,-0.0643314349,-0.1158642962
-0.199,-0.0647757388,-0.1161813884
-0.198,-0.0652222557,-0.1165012768
-0.197,-0.0656709730,-0.1168239448
-0.196,-0.0661218781,-0.1171493761
-0.195,-0.0665749584,-0.1174775544
-0.194,-0.0670302017,-0.1178084637
-0.193,-0.0674875955,-0.1181420879
-0.192,-0.0679471277,-0.1184784112
-0.191,-0.0684087861,-0.1188174178
-0.190,-0.0688725587,-0.1191590921
-0.189,-0.0693384334,-0.1195034185
-0.188,-0.0698063986,-0.1198503817
-0.187,-0.0702764423,-0.1201999664
-0.186,-0.0707485528,-0.1205521574
-0.185,-0.0712227186,-0.1209069397
-0.184,-0.0716989282,-0.1212642983
-0.183,-0.0721771700,-0.1216242184
-0.182,-0.0726574327,-0.1219866852
-0.181,-0.0731397051,-0.1223516842
-0.180,-0.0736239759,-0.1227192009
-0.179,-0.0741102341,-0.1230892208
-0.178,-0.0745984685,-0.1234617296
-0.177,-0.0750886683,-0.1238367133
-0.176,-0.0755808225,-0.1242141576
-0.175,-0.0760749204,-0.1245940487
-0.174,-0.0765709512,-0.1249763727
-0.173,-0.0770689043,-0.1253611157
-0.172,-0.0775687691,-0.1257482642
-0.171,-0.0780705351,-0.1261378045
-0.170,-0.0785741919,-0.1265297232
-0.169,-0.0790797291,-0.1269240068
-0.168,-0.0795871365,-0.1273206423
-0.167,-0.0800964038,-0.1277196162
-0.166,-0.0806075210,-0.1281209157
-0.165,-0.0811204780,-0.1285245276
-0.164,-0.0816352647,-0.1289304391
-0.163,-0.0821518713,-0.1293386374
-0.162,-0.0826702879,-0.1297491097
-0.161,-0.0831905047,-0.1301618436
-0.160,-0.0837125121,-0.1305768263
-0.159,-0.0842363003,-0.1309940456
-0.158,-0.0847618598,-0.1314134890
-0.157,-0.0852891811,-0.1318351443
-0.156,-0.0858182548,-0.1322589993
-0.155,-0.0863490714,-0.1326850419
-0.154,-0.0868816217,-0.1331132601
-0.153,-0.0874158964,-0.1335436421
-0.152,-0.0879518863,-0.1339761760
-0.151,-0.0884895823,-0.1344108500
-0.150,-0.0890289754,-0.1348476524
-0.149,-0.0895700565,-0.1352865718
-0.148,-0.0901128166,-0.1357275966
-0.147,-0.0906572471,-0.1361707153
-0.146,-0.0912033389,-0.1366159167
-0.145,-0.0917510834,-0.1370631895
-0.144,-0.0923004719,-0.1375125225
-0.143,-0.0928514957,-0.1379639046
-0.142,-0.0934041462,-0.1384173247
-0.141,-0.0939584150,-0.1388727720
-0.140,-0.0945142936,-0.1393302356
-0.139,-0.0950717736,-0.1397897046
-0.138,-0.0956308466,-0.1402511684
-0.137,-0.0961915043,-0.1407146163
-0.136,-0.0967537386,-0.1411800377
-0.135,-0.0973175411,-0.1416474221
-0.134,-0.0978829039,-0.1421167591
-0.133,-0.0984498189,-0.1425880384
-0.132,-0.0990182779,-0.1430612497
-0.131,-0.0995882731,-0.1435363827
-0.130,-0.1001597966,-0.1440134273
-0.129,-0.1007328405,-0.1444923734
-0.128,-0.1013073970,-0.1449732111
-0.127,-0.1018834583,-0.1454559303
-0.126,-0.1024610168,-0.1459405213
-0.125,-0.1030400648,-0.1464269742
-0.124,-0.1036205946,-0.1469152793
-0.123,-0.1042025989,-0.1474054269
-0.122,-0.1047860699,-0.1478974074
-0.121,-0.1053710004,-0.1483912113
-0.120,-0.1059573829,-0.1488868291
-0.119,-0.1065452101,-0.1493842514
-0.118,-0.1071344746,-0.1498834688
-0.117,-0.1077251692,-0.1503844721
-0.116,-0.1083172867,-0.1508872520
-0.115,-0.1089108199,-0.1513917994
-0.114,-0.1095057618,-0.1518981051
-0.113,-0.1101021052,-0.1524061602
-0.112,-0.1106998431,-0.1529159556
-0.111,-0.1112989686,-0.1534274825
-0.110,-0.1118994747,-0.1539407320
-0.109,-0.1125013545,-0.1544556952
-0.108,-0.1131046012,-0.1549723635
-0.107,-0.1137092081,-0.1554907281
-0.106,-0.1143151682,-0.1560107805
-0.105,-0.1149224750,-0.1565325120
-0.104,-0.1155311218,-0.1570559141
-0.103,-0.1161411019,-0.1575809785
-0.102,-0.1167524088,-0.1581076966
-0.101,-0.1173650359,-0.1586360601
-0.100,-0.1179789768,-0.1591660608
-0.099,-0.1185942249,-0.1596976904
-0.098,-0.1192107739,-0.1602309408
-0.097,-0.1198286173,-0.1607658037
-0.096,-0.1204477489,-0.1613022711
-0.095,-0.1210681624,-0.1618403351
-0.094,-0.1216898515,-0.1623799875
-0.093,-0.1223128099,-0.1629212206
-0.092,-0.1229370316,-0.1634640263
-0.091,-0.1235625103,-0.1640083970
-0.090,-0.1241892400,-0.1645543248
-0.089,-0.1248172147,-0.1651018020
-0.088,-0.1254464283,-0.1656508210
-0.087,-0.1260768747,-0.1662013741
-0.086,-0.1267085482,-0.1667534538
-0.085,-0.1273414427,-0.1673070525
-0.084,-0.1279755524,-0.1678621628
-0.083,-0.1286108715,-0.1684187772
-0.082,-0.1292473941,-0.1689768883
-0.081,-0.1298851146,-0.1695364889
-0.080,-0.1305240271,-0.1700975717
-0.079,-0.1311641260,-0.1706601293
-0.078,-0.1318054056,-0.1712241547
-0.077,-0.1324478604,-0.1717896406
-0.076,-0.1330914846,-0.1723565799
-0.075,-0.1337362729,-0.1729249657
-0.074,-0.1343822196,-0.1734947909
-0.073,-0.1350293192,-0.1740660484
-0.072,-0.1356775664,-0.1746387315
-0.071,-0.1363269557,-0.1752128332
-0.070,-0.1369774817,-0.1757883467
-0.069,-0.1376291391,-0.1763652651
-0.068,-0.1382819226,-0.1769435818
-0.067,-0.1389358268,-0.1775232900
-0.066,-0.1395908465,-0.1781043830
-0.065,-0.1402469766,-0.1786868543
-0.064,-0.1409042117,-0.1792706972
-0.063,-0.1415625468,-0.1798559052
-0.062,-0.1422219768,-0.1804424718
-0.061,-0.1428824964,-0.1810303905
-0.060,-0.1435441008,-0.1816196548
-0.059,-0.1442067847,-0.1822102586
-0.058,-0.1448705433,-0.1828021952
-0.057,-0.1455353716,-0.1833954586
-0.056,-0.1462012646,-0.1839900423
-0.055,-0.1468682173,-0.1845859402
-0.054,-0.1475362250,-0.1851831460
-0.053,-0.1482052828,-0.1857816537
-0.052,-0.1488753858,-0.1863814571
-0.051,-0.1495465292,-0.1869825501
-0.050,-0.1502187083,-0.1875849268
-0.049,-0.1508919183,-0.1881885809
-0.048,-0.1515661546,-0.1887935068
-0.047,-0.1522414123,-0.1893996982
-0.046,-0.1529176870,-0.1900071495
-0.045,-0.1535949739,-0.1906158547
-0.044,-0.1542732685,-0.1912258081
-0.043,-0.1549525661,-0.1918370037
-0.042,-0.1556328623,-0.1924494359
-0.041,-0.1563141524,-0.1930630990
-0.040,-0.1569964321,-0.1936779872
-0.039,-0.1576796969,-0.1942940949
-0.038,-0.1583639422,-0.1949114165
-0.037,-0.1590491638,-0.1955299464
-0.036,-0.1597353571,-0.1961496791
-0.035,-0.1604225179,-0.1967706090
-0.034,-0.1611106417,-0.1973927307
-0.033,-0.1617997244,-0.1980160386
-0.032,-0.1624897616,-0.1986405275
-0.031,-0.1631807490,-0.1992661919
-0.030,-0.1638726824,-0.1998930264
-0.029,-0.1645655576,-0.2005210258
-0.028,-0.1652593704,-0.2011501846
-0.027,-0.1659541166,-0.2017804978
-0.026,-0.1666497921,-0.2024119600
-0.025,-0.1673463928,-0.2030445661
-0.024,-0.1680439146,-0.2036783108
-0.023,-0.1687423534,-0.2043131891
-0.022,-0.1694417052,-0.2049491958
-0.021,-0.1701419659,-0.2055863259
-0.020,-0.1708431316,-0.2062245742
-0.019,-0.1715451982,-0.2068639359
-0.018,-0.1722481618,-0.2075044059
-0.017,-0.1729520186,-0.2081459793
-0.016,-0.1736567645,-0.2087886510
-0.015,-0.1743623956,-0.2094324163
-0.014,-0.1750689083,-0.2100772702
-0.013,-0.1757762984,-0.2107232079
-0.012,-0.1764845624,-0.2113702246
-0.011,-0.1771936963,-0.2120183155
-0.010,-0.1779036964,-0.2126674758
-0.009,-0.1786145589,-0.2133177008
-0.008,-0.1793262801,-0.2139689858
-0.007,-0.1800388563,-0.2146213261
-0.006,-0.1807522837,-0.2152747170
-0.005,-0.1814665588,-0.2159291540
-0.004,-0.1821816778,-0.2165846325
-0.003,-0.1828976372,-0.2172411478
-0.002,-0.1836144333,-0.2178986954
-0.001,-0.1843320625,-0.2185572707
0.000,-0.1850505212,-0.2192168694
0.001,-0.1857698060,-0.2198774869
0.002,-0.1864899132,-0.2205391188
0.003,-0.1872108394,-0.2212017607
0.004,-0.1879325810,-0.2218654081
0.005,-0.1886551346,-0.2225300568
0.006,-0.1893784968,-0.2231957023
0.007,-0.1901026641,-0.2238623403
0.008,-0.1908276331,-0.2245299666
0.009,-0.1915534004,-0.2251985768
0.010,-0.1922799626,-0.2258681668
0.011,-0.1930073163,-0.2265387323
0.012,-0.1937354583,-0.2272102691
0.013,-0.1944643852,-0.2278827730
0.014,-0.1951940936,-0.2285562398
0.015,-0.1959245804,-0.2292306656
0.016,-0.1966558422,-0.2299060460
0.017,-0.1973878758,-0.2305823772
0.018,-0.1981206779,-0.2312596549
0.019,-0.1988542454,-0.2319378752
0.020,-0.1995885751,-0.2326170340
0.021,-0.2003236637,-0.2332971273
0.022,-0.2010595081,-0.2339781513
0.023,-0.2017961052,-0.2346601019
0.024,-0.2025334517,-0.2353429752
0.025,-0.2032715448,-0.2360267672
0.026,-0.2040103811,-0.2367114742
0.027,-0.2047499577,-0.2373970923
0.028,-0.2054902714,-0.2380836175
0.029,-0.2062313193,-0.2387710462
0.030,-0.2069730984,-0.2394593744
0.031,-0.2077156055,-0.2401485985
0.032,-0.2084588377,-0.2408387146
0.033,-0.2092027920,-0.2415297190
0.034,-0.2099474656,-0.2422216080
0.035,-0.2106928553,-0.2429143780
0.036,-0.2114389583,-0.2436080251
0.037,-0.2121857716,-0.2443025459
0.038,-0.2129332925,-0.2449979365
0.039,-0.2136815179,-0.2456941935
0.040,-0.2144304450,-0.2463913132
0.041,-0.2151800710,-0.2470892921
0.042,-0.2159303929,-0.2477881266
0.043,-0.2166814081,-0.2484878131
0.044,-0.2174331137,-0.2491883481
0.045,-0.2181855068,-0.2498897281
0.046,-0.2189385847,-0.2505919497
0.047,-0.2196923447,-0.2512950094
0.048,-0.2204467839,-0.2519989037
0.049,-0.2212018998,-0.2527036293
0.050,-0.2219576894,-0.2534091826
0.051,-0.2227141501,-0.2541155604
0.052,-0.2234712793,-0.2548227592
0.053,-0.2242290743,-0.2555307756
0.054,-0.2249875323,-0.2562396065
0.055,-0.2257466507,-0.2569492483
0.056,-0.2265064269,-0.2576596979
0.057,-0.2272668583,-0.2583709520
0.058,-0.2280279423,-0.2590830072
0.059,-0.2287896762,-0.2597958604
0.060,-0.2295520575,-0.2605095083
0.061,-0.2303150836,-0.2612239477
0.062,-0.2310787520,-0.2619391754
0.063,-0.2318430600,-0.2626551882
0.064,-0.2326080052,-0.2633719829
0.065,-0.2333735851,-0.2640895565
0.066,-0.2341397972,-0.2648079057
0.067,-0.2349066389,-0.2655270275
0.068,-0.2356741078,-0.2662469188
0.069,-0.2364422014,-0.2669675764
0.070,-0.2372109173,-0.2676889974
0.071,-0.2379802530,-0.2684111786
0.072,-0.2387502061,-0.2691341171
0.073,-0.2395207742,-0.2698578098
0.074,-0.2402919549,-0.2705822537
0.075,-0.2410637457,-0.2713074459
0.076,-0.2418361444,-0.2720333833
0.077,-0.2426091485,-0.2727600630
0.078,-0.2433827556,-0.2734874821
0.079,-0.2441569636,-0.2742156376
0.080,-0.2449317699,-0.2749445266
0.081,-0.2457071723,-0.2756741463
0.082,-0.2464831686,-0.2764044938
0.083,-0.2472597563,-0.2771355661
0.084,-0.2480369332,-0.2778673605
0.085,-0.2488146970,-0.2785998741
0.086,-0.2495930456,-0.2793331040
0.087,-0.2503719765,-0.2800670476
0.088,-0.2511514876,-0.2808017019
0.089,-0.2519315767,-0.2815370643
0.090,-0.2527122415,-0.2822731319
0.091,-0.2534934799,-0.2830099019
0.092,-0.2542752896,-0.2837473718
0.093,-0.2550576684,-0.2844855387
0.094,-0.2558406142,-0.2852243999
0.095,-0.2566241249,-0.2859639527
0.096,-0.2574081982,-0.2867041946
0.097,-0.2581928321,-0.2874451227
0.098,-0.2589780243,-0.2881867344
0.099,-0.2597637729,-0.2889290271
0.100,-0.2605500756,-0.2896719982
0.101,-0.2613369304,-0.2904156451
0.102,-0.2621243352,-0.2911599651
0.103,-0.2629122879,-0.2919049557
0.104,-0.2637007865,-0.2926506142
0.105,-0.2644898288,-0.2933969382
0.106,-0.2652794129,-0.2941439251
0.107,-0.2660695367,-0.2948915723
0.108,-0.2668601982,-0.2956398774
0.109,-0.2676513954,-0.2963888378
0.110,-0.2684431262,-0.2971384510
0.111,-0.2692353886,-0.2978887145
0.112,-0.2700281808,-0.2986396259
0.113,-0.2708215006,-0.2993911826
0.114,-0.2716153461,-0.3001433824
0.115,-0.2724097155,-0.3008962226
0.116,-0.2732046066,-0.3016497009
0.117,-0.2740000176,-0.3024038149
0.118,-0.2747959466,-0.3031585622
0.119,-0.2755923916,-0.3039139403
0.120,-0.2763893508,-0.3046699470
0.121,-0.2771868221,-0.3054265798
0.122,-0.2779848038,-0.3061838364
0.123,-0.2787832939,-0.3069417144
0.124,-0.2795822906,-0.3077002116
0.125,-0.2803817920,-0.3084593255
0.126,-0.2811817962,-0.3092190540
0.127,-0.2819823015,-0.3099793946
0.128,-0.2827833059,-0.3107403451
0.129,-0.2835848076,-0.3115019033
0.130,-0.2843868048,-0.3122640669
0.131,-0.2851892958,-0.3130268335
0.132,-0.2859922786,-0.3137902011
0.133,-0.2867957515,-0.3145541673
0.134,-0.2875997127,-0.3153187299
0.135,-0.2884041605,-0.3160838867
0.136,-0.2892090930,-0.3168496356
0.137,-0.2900145085,-0.3176159743
0.138,-0.2908204053,-0.3183829007
0.139,-0.2916267816,-0.3191504125
0.140,-0.2924336357,-0.3199185077
0.141,-0.2932409658,-0.3206871841
0.142,-0.2940487702,-0.3214564395
0.143,-0.2948570472,-0.3222262719
0.144,-0.2956657951,-0.3229966790
0.145,-0.2964750123,-0.3237676589
0.146,-0.2972846969,-0.3245392094
0.147,-0.2980948474,-0.3253113285
0.148,-0.2989054621,-0.3260840140
0.149,-0.2997165393,-0.3268572639
0.150,-0.3005280773,-0.3276310761
0.151,-0.3013400746,-0.3284054486
0.152,-0.3021525294,-0.3291803794
0.153,-0.3029654401,-0.3299558665
0.154,-0.3037788051,-0.3307319077
0.155,-0.3045926229,-0.3315085012
0.156,-0.3054068916,-0.3322856448
0.157,-0.3062216099,-0.3330633367
0.158,-0.3070367761,-0.3338415749
0.159,-0.3078523885,-0.3346203573
0.160,-0.3086684456,-0.3353996820
0.161,-0.3094849459,-0.3361795472
0.162,-0.3103018878,-0.3369599507
0.163,-0.3111192696,-0.3377408908
0.164,-0.3119370899,-0.3385223654
0.165,-0.3127553472,-0.3393043727
0.166,-0.3135740398,-0.3400869107
0.167,-0.3143931663,-0.3408699776
0.168,-0.3152127250,-0.3416535715
0.169,-0.3160327146,-0.3424376905
0.170,-0.3168531335,-0.3432223327
0.171,-0.3176739802,-0.3440074963
0.172,-0.3184952532,-0.3447931794
0.173,-0.3193169510,-0.3455793801
0.174,-0.3201390722,-0.3463660967
0.175,-0.3209616152,-0.3471533273
0.176,-0.3217845786,-0.3479410701
0.177,-0.3226079609,-0.3487293233
0.178,-0.3234317606,-0.3495180851
0.179,-0.3242559765,-0.3503073536
0.180,-0.3250806068,-0.3510971272
0.181,-0.3259056504,-0.3518874040
0.182,-0.3267311056,-0.3526781822
0.183,-0.3275569712,-0.3534694602
0.184,-0.3283832456,-0.3542612360
0.185,-0.3292099275,-0.3550535081
0.186,-0.3300370155,-0.3558462747
0.187,-0.3308645081,-0.3566395340
0.188,-0.3316924040,-0.3574332843
0.189,-0.3325207018,-0.3582275239
0.190,-0.3333494002,-0.3590222512
0.191,-0.3341784977,-0.3598174643
0.192,-0.3350079929,-0.3606131617
0.193,-0.3358378846,-0.3614093415
0.194,-0.3366681713,-0.3622060023
0.195,-0.3374988518,-0.3630031423
0.196,-0.3383299247,-0.3638007597
0.197,-0.3391613885,-0.3645988531
0.198,-0.3399932422,-0.3653974207
0.199,-0.3408254841,-0.3661964610
0.200,-0.3416581132,-0.3669959722
0.201,-0.3424911281,-0.3677959528
0.202,-0.3433245273,-0.3685964011
0.203,-0.3441583098,-0.3693973155
0.204,-0.3449924741,-0.3701986945
0.205,-0.3458270190,-0.3710005365
0.206,-0.3466619431,-0.3718028398
0.207,-0.3474972453,-0.3726056028
0.208,-0.3483329242,-0.3734088241
0.209,-0.3491689786,-0.3742125021
0.210,-0.3500054072,-0.3750166351
0.211,-0.3508422088,-0.3758212217
0.212,-0.3516793820,-0.3766262603
0.213,-0.3525169258,-0.3774317493
0.214,-0.3533548387,-0.3782376873
0.215,-0.3541931197,-0.3790440727
0.216,-0.3550317674,-0.3798509040
0.217,-0.3558707807,-0.3806581797
0.218,-0.3567101583,-0.3814658982
0.219,-0.3575498990,-0.3822740582
0.220,-0.3583900016,-0.3830826580
0.221,-0.3592304649,-0.3838916963
0.222,-0.3600712878,-0.3847011715
0.223,-0.3609124689,-0.3855110821
0.224,-0.3617540072,-0.3863214268
0.225,-0.3625959015,-0.3871322041
0.226,-0.3634381505,-0.3879434124
0.227,-0.3642807531,-0.3887550504
0.228,-0.3651237082,-0.3895671166
0.229,-0.3659670145,-0.3903796096
0.230,-0.3668106710,-0.3911925280
0.231,-0.3676546765,-0.3920058703
0.232,-0.3684990298,-0.3928196352
0.233,-0.3693437298,-0.3936338212
0.234,-0.3701887753,-0.3944484269
0.235,-0.3710341653,-0.3952634509
0.236,-0.3718798986,-0.3960788919
0.237,-0.3727259740,-0.3968947485
0.238,-0.3735723906,-0.3977110192
0.239,-0.3744191470,-0.3985277028
0.240,-0.3752662424,-0.3993447978
0.241,-0.3761136754,-0.4001623030
0.242,-0.3769614451,-0.4009802168
0.243,-0.3778095504,-0.4017985381
0.244,-0.3786579901,-0.4026172654
0.245,-0.3795067633,-0.4034363974
0.246,-0.3803558687,-0.4042559329
0.247,-0.3812053053,-0.4050758704
0.248,-0.3820550721,-0.4058962087
0.249,-0.3829051681,-0.4067169464
0.250,-0.3837555920,-0.4075380822
0.251,-0.3846063429,-0.4083596149
0.252,-0.3854574198,-0.4091815431
0.253,-0.3863088215,-0.4100038656
0.254,-0.3871605471,-0.4108265810
0.255,-0.3880125955,-0.4116496881
0.256,-0.3888649656,-0.4124731856
0.257,-0.3897176565,-0.4132970723
0.258,-0.3905706671,-0.4141213469
0.259,-0.3914239964,-0.4149460081
0.260,-0.3922776433,-0.4157710546
0.261,-0.3931316070,-0.4165964853
0.262,-0.3939858862,-0.4174222989
0.263,-0.3948404802,-0.4182484941
0.264,-0.3956953877,-0.4190750698
0.265,-0.3965506080,-0.4199020246
0.266,-0.3974061399,-0.4207293575
0.267,-0.3982619824,-0.4215570671
0.268,-0.3991181347,-0.4223851522
0.269,-0.3999745956,-0.4232136117
0.270,-0.4008313644,-0.4240424443
0.271,-0.4016884398,-0.4248716489
0.272,-0.4025458211,-0.4257012243
0.273,-0.4034035072,-0.4265311692
0.274,-0.4042614972,-0.4273614825
0.275,-0.4051197901,-0.4281921631
0.276,-0.4059783850,-0.4290232097
0.277,-0.4068372809,-0.4298546212
0.278,-0.4076964769,-0.4306863964
0.279,-0.4085559720,-0.4315185342
0.280,-0.4094157653,-0.4323510335
0.281,-0.4102758559,-0.4331838930
0.282,-0.4111362429,-0.4340171116
0.283,-0.4119969253,-0.4348506883
0.284,-0.4128579021,-0.4356846218
0.285,-0.4137191726,-0.4365189110
0.286,-0.4145807357,-0.4373535549
0.287,-0.4154425906,-0.4381885523
0.288,-0.4163047363,-0.4390239021
0.289,-0.4171671720,-0.4398596031
0.290,-0.4180298968,-0.4406956543
0.291,-0.4188929097,-0.4415320547
0.292,-0.4197562099,-0.4423688030
0.293,-0.4206197965,-0.4432058981
0.294,-0.4214836685,-0.4440433392
0.295,-0.4223478252,-0.4448811249
0.296,-0.4232122657,-0.4457192543
0.297,-0.4240769890,-0.4465577262
0.298,-0.4249419943,-0.4473965397
0.299,-0.4258072807,-0.4482356936
0.300,-0.4266728474,-0.4490751870
0.301,-0.4275386936,-0.4499150186
0.302,-0.4284048183,-0.4507551875
0.303,-0.4292712207,-0.4515956927
0.304,-0.4301378999,-0.4524365331
0.305,-0.4310048552,-0.4532777076
0.306,-0.4318720856,-0.4541192152
0.307,-0.4327395904,-0.4549610550
0.308,-0.4336073686,-0.4558032258
0.309,-0.4344754196,-0.4566457267
0.310,-0.4353437423,-0.4574885566
0.311,-0.4362123361,-0.4583317145
0.312,-0.4370812001,-0.4591751994
0.313,-0.4379503334,-0.4600190103
0.314,-0.4388197353,-0.4608631463
0.315,-0.4396894050,-0.4617076062
0.316,-0.4405593415,-0.4625523892
0.317,-0.4414295442,-0.4633974942
0.318,-0.4423000123,-0.4642429202
0.319,-0.4431707448,-0.4650886663
0.320,-0.4440417411,-0.4659347315
0.321,-0.4449130003,-0.4667811148
0.322,-0.4457845217,-0.4676278152
0.323,-0.4466563044,-0.4684748318
0.324,-0.4475283477,-0.4693221637
0.325,-0.4484006509,-0.4701698098
0.326,-0.4492732130,-0.4710177692
0.327,-0.4501460334,-0.4718660409
0.328,-0.4510191112,-0.4727146241
0.329,-0.4518924457,-0.4735635178
0.330,-0.4527660362,-0.4744127210
0.331,-0.4536398819,-0.4752622327
0.332,-0.4545139820,-0.4761120522
0.333,-0.4553883357,-0.4769621784
0.334,-0.4562629424,-0.4778126104
0.335,-0.4571378012,-0.4786633473
0.336,-0.4580129114,-0.4795143881
0.337,-0.4588882723,-0.4803657321
0.338,-0.4597638831,-0.4812173782
0.339,-0.4606397431,-0.4820693255
0.340,-0.4615158516,-0.4829215732
0.341,-0.4623922077,-0.4837741204
0.342,-0.4632688109,-0.4846269661
0.343,-0.4641456603,-0.4854801094
0.344,-0.4650227552,-0.4863335496
0.345,-0.4659000949,-0.4871872856
0.346,-0.4667776788,-0.4880413167
0.347,-0.4676555060,-0.4888956419
0.348,-0.4685335758,-0.4897502603
0.349,-0.4694118877,-0.4906051712
0.350,-0.4702904407,-0.4914603735
0.351,-0.4711692343,-0.4923158665
0.352,-0.4720482678,-0.4931716494
0.353,-0.4729275403,-0.4940277211
0.354,-0.4738070513,-0.4948840810
0.355,-0.4746868001,-0.4957407280
0.356,-0.4755667859,-0.4965976615
0.357,-0.4764470080,-0.4974548805
0.358,-0.4773274659,-0.4983123843
0.359,-0.4782081587,-0.4991701719
0.360,-0.4790890858,-0.5000282425
0.361,-0.4799702466,-0.5008865953
0.362,-0.4808516403,-0.5017452295
0.363,-0.4817332663,-0.5026041443
0.364,-0.4826151239,-0.5034633387
0.365,-0.4834972125,-0.5043228121
0.366,-0.4843795313,-0.5051825636
0.367,-0.4852620797,-0.5060425924
0.368,-0.4861448571,-0.5069028976
0.369,-0.4870278627,-0.5077634785
0.370,-0.4879110961,-0.5086243343
0.371,-0.4887945563,-0.5094854642
0.372,-0.4896782430,-0.5103468673
0.373,-0.4905621553,-0.5112085429
0.374,-0.4914462926,-0.5120704902
0.375,-0.4923306543,-0.5129327083
0.376,-0.4932152398,-0.5137951966
0.377,-0.4941000484,-0.5146579543
0.378,-0.4949850794,-0.5155209804
0.379,-0.4958703323,-0.5163842744
0.380,-0.4967558064,-0.5172478354
0.381,-0.4976415011,-0.5181116626
0.382,-0.4985274158,-0.5189757552
0.383,-0.4994135498,-0.5198401126
0.384,-0.5002999024,-0.5207047339
0.385,-0.5011864732,-0.5215696185
0.386,-0.5020732614,-0.5224347654
0.387,-0.5029602665,-0.5233001740
0.388,-0.5038474878,-0.5241658436
0.389,-0.5047349248,-0.5250317733
0.390,-0.5056225767,-0.5258979625
0.391,-0.5065104431,-0.5267644104
0.392,-0.5073985233,-0.5276311162
0.393,-0.5082868167,-0.5284980792
0.394,-0.5091753227,-0.5293652988
0.395,-0.5100640407,-0.5302327741
0.396,-0.5109529701,-0.5311005044
0.397,-0.5118421104,-0.5319684891
0.398,-0.5127314608,-0.5328367273
0.399,-0.5136210210,-0.5337052185
0.400,-0.5145107901,-0.5345739617
0.401,-0.5154007678,-0.5354429564
0.402,-0.5162909533,-0.5363122019
0.403,-0.5171813461,-0.5371816973
0.404,-0.5180719457,-0.5380514421
0.405,-0.5189627514,-0.5389214354
0.406,-0.5198537628,-0.5397916767
0.407,-0.5207449791,-0.5406621652
0.408,-0.5216363998,-0.5415329002
0.409,-0.5225280245,-0.5424038810
0.410,-0.5234198524,-0.5432751070
0.411,-0.5243118831,-0.5441465774
0.412,-0.5252041160,-0.5450182916
0.413,-0.5260965505,-0.5458902488
0.414,-0.5269891860,-0.5467624484
0.415,-0.5278820221,-0.5476348898
0.416,-0.5287750581,-0.5485075722
0.417,-0.5296682935,-0.5493804949
0.418,-0.5305617278,-0.5502536574
0.419,-0.5314553604,-0.5511270589
0.420,-0.5323491908,-0.5520006988
0.421,-0.5332432184,-0.5528745763
0.422,-0.5341374427,-0.5537486909
0.423,-0.5350318631,-0.5546230419
0.424,-0.5359264791,-0.5554976287
0.425,-0.5368212902,-0.5563724505
0.426,-0.5377162958,-0.5572475067
0.427,-0.5386114954,-0.5581227967
0.428,-0.5395068885,-0.5589983198
0.429,-0.5404024746,-0.5598740754
0.430,-0.5412982530,-0.5607500629
0.431,-0.5421942234,-0.5616262816
0.432,-0.5430903852,-0.5625027308
0.433,-0.5439867377,-0.5633794100
0.434,-0.5448832807,-0.5642563184
0.435,-0.5457800134,-0.5651334556
0.436,-0.5466769355,-0.5660108208
0.437,-0.5475740463,-0.5668884134
0.438,-0.5484713455,-0.5677662328
0.439,-0.5493688324,-0.5686442784
0.440,-0.5502665065,-0.5695225495
0.441,-0.5511643675,-0.5704010456
0.442,-0.5520624147,-0.5712797660
0.443,-0.5529606476,-0.5721587101
0.444,-0.5538590658,-0.5730378773
0.445,-0.5547576687,-0.5739172670
0.446,-0.5556564559,-0.5747968786
0.447,-0.5565554269,-0.5756767115
0.448,-0.5574545811,-0.5765567651
0.449,-0.5583539181,-0.5774370388
0.450,-0.5592534374,-0.5783175319
0.451,-0.5601531385,-0.5791982440
0.452,-0.5610530210,-0.5800791743
0.453,-0.5619530842,-0.5809603224
0.454,-0.5628533278,-0.5818416876
0.455,-0.5637537513,-0.5827232693
0.456,-0.5646543541,-0.5836050670
0.457,-0.5655551359,-0.5844870801
0.458,-0.5664560961,-0.5853693079
0.459,-0.5673572342,-0.5862517500
0.460,-0.5682585499,-0.5871344056
0.461,-0.5691600425,-0.5880172744
0.462,-0.5700617117,-0.5889003556
0.463,-0.5709635570,-0.5897836488
0.464,-0.5718655779,-0.5906671533
0.465,-0.5727677739,-0.5915508687
0.466,-0.5736701446,-0.5924347942
0.467,-0.5745726896,-0.5933189294
0.468,-0.5754754083,-0.5942032737
0.469,-0.5763783003,-0.5950878265
0.470,-0.5772813651,-0.5959725873
0.471,-0.5781846024,-0.5968575556
0.472,-0.5790880116,-0.5977427308
0.473,-0.5799915923,-0.5986281122
0.474,-0.5808953440,-0.5995136995
0.475,-0.5817992663,-0.6003994920
0.476,-0.5827033587,-0.6012854892
0.477,-0.5836076209,-0.6021716905
0.478,-0.5845120523,-0.6030580955
0.479,-0.5854166525,-0.6039447035
0.480,-0.5863214210,-0.6048315140
0.481,-0.5872263575,-0.6057185266
0.482,-0.5881314615,-0.6066057406
0.483,-0.5890367326,-0.6074931556
0.484,-0.5899421702,-0.6083807709
0.485,-0.5908477741,-0.6092685862
0.486,-0.5917535437,-0.6101566007
0.487,-0.5926594786,-0.6110448142
0.488,-0.5935655784,-0.6119332259
0.489,-0.5944718427,-0.6128218354
0.490,-0.5953782711,-0.6137106422
0.491,-0.5962848630,-0.6145996457
0.492,-0.5971916182,-0.6154888454
0.493,-0.5980985361,-0.6163782409
0.494,-0.5990056163,-0.6172678316
0.495,-0.5999128585,-0.6181576170
0.496,-0.6008202623,-0.6190475966
0.497,-0.6017278271,-0.6199377699
0.498,-0.6026355526,-0.6208281363
0.499,-0.6035434383,-0.6217186954
0.500,-0.6044514839,-0.6226094468
0.501,-0.6053596890,-0.6235003897
0.502,-0.6062680531,-0.6243915239
0.503,-0.6071765759,-0.6252828488
0.504,-0.6080852568,-0.6261743638
0.505,-0.6089940956,-0.6270660686
0.506,-0.6099030918,-0.6279579625
0.507,-0.6108122450,-0.6288500452
0.508,-0.6117215548,-0.6297423161
0.509,-0.6126310209,-0.6306347748
0.510,-0.6135406427,-0.6315274207
0.511,-0.6144504200,-0.6324202534
0.512,-0.6153603523,-0.6333132724
0.513,-0.6162704392,-0.6342064772
0.514,-0.6171806804,-0.6350998673
0.515,-0.6180910754,-0.6359934424
0.516,-0.6190016239,-0.6368872018
0.517,-0.6199123254,-0.6377811451
0.518,-0.6208231796,-0.6386752719
0.519,-0.6217341861,-0.6395695816
0.520,-0.6226453445,-0.6404640739
0.521,-0.6235566544,-0.6413587482
0.522,-0.6244681155,-0.6422536041
0.523,-0.6253797273,-0.6431486411
0.524,-0.6262914895,-0.6440438588
0.525,-0.6272034017,-0.6449392566
0.526,-0.6281154636,-0.6458348342
0.527,-0.6290276746,-0.6467305911
0.528,-0.6299400346,-0.6476265268
0.529,-0.6308525430,-0.6485226408
0.530,-0.6317651996,-0.6494189328
0.531,-0.6326780039,-0.6503154022
0.532,-0.6335909556,-0.6512120487
0.533,-0.6345040543,-0.6521088717
0.534,-0.6354172997,-0.6530058708
0.535,-0.6363306913,-0.6539030456
0.536,-0.6372442289,-0.6548003957
0.537,-0.6381579120,-0.6556979205
0.538,-0.6390717403,-0.6565956197
0.539,-0.6399857134,-0.6574934928
0.540,-0.6408998310,-0.6583915393
0.541,-0.6418140927,-0.6592897589
0.542,-0.6427284982,-0.6601881511
0.543,-0.6436430470,-0.6610867155
0.544,-0.6445577389,-0.6619854516
0.545,-0.6454725735,-0.6628843590
0.546,-0.6463875504,-0.6637834373
0.547,-0.6473026693,-0.6646826860
0.548,-0.6482179298,-0.6655821048
0.549,-0.6491333315,-0.6664816931
0.550,-0.6500488742,-0.6673814507
0.551,-0.6509645575,-0.6682813769
0.552,-0.6518803810,-0.6691814716
0.553,-0.6527963444,-0.6700817341
0.554,-0.6537124474,-0.6709821641
0.555,-0.6546286895,-0.6718827612
0.556,-0.6555450706,-0.6727835250
0.557,-0.6564615901,-0.6736844550
0.558,-0.6573782478,-0.6745855508
0.559,-0.6582950433,-0.6754868121
0.560,-0.6592119764,-0.6763882384
0.561,-0.6601290466,-0.6772898293
0.562,-0.6610462536,-0.6781915843
0.563,-0.6619635971,-0.6790935032
0.564,-0.6628810768,-0.6799955855
0.565,-0.6637986923,-0.6808978308
0.566,-0.6647164434,-0.6818002386
0.567,-0.6656343296,-0.6827028086
0.568,-0.6665523506,-0.6836055405
0.569,-0.6674705061,-0.6845084337
0.570,-0.6683887958,-0.6854114879
0.571,-0.6693072194,-0.6863147027
0.572,-0.6702257765,-0.6872180776
0.573,-0.6711444668,-0.6881216124
0.574,-0.6720632901,-0.6890253067
0.575,-0.6729822458,-0.6899291599
0.576,-0.6739013338,-0.6908331718
0.577,-0.6748205538,-0.6917373419
0.578,-0.6757399053,-0.6926416699
0.579,-0.6766593882,-0.6935461554
0.580,-0.6775790020,-0.6944507980
0.581,-0.6784987464,-0.6953555972
0.582,-0.6794186212,-0.6962605528
0.583,-0.6803386261,-0.6971656644
0.584,-0.6812587606,-0.6980709315
0.585,-0.6821790246,-0.6989763538
0.586,-0.6830994176,-0.6998819310
0.587,-0.6840199394,-0.7007876626
0.588,-0.6849405897,-0.7016935482
0.589,-0.6858613682,-0.7025995875
0.590,-0.6867822745,-0.7035057802
0.591,-0.6877033084,-0.7044121258
0.592,-0.6886244695,-0.7053186240
0.593,-0.6895457576,-0.7062252744
0.594,-0.6904671723,-0.7071320766
0.595,-0.6913887133,-0.7080390304
0.596,-0.6923103804,-0.7089461352
0.597,-0.6932321733,-0.7098533908
0.598,-0.6941540915,-0.7107607968
0.599,-0.6950761349,-0.7116683528
0.600,-0.6959983032,-0.7125760585
0.601,-0.6969205960,-0.7134839135
0.602,-0.6978430131,-0.7143919174
0.603,-0.6987655541,-0.7153000699
0.604,-0.6996882188,-0.7162083707
0.605,-0.7006110068,-0.7171168193
0.606,-0.7015339180,-0.7180254155
0.607,-0.7024569519,-0.7189341588
0.608,-0.7033801083,-0.7198430490
0.609,-0.7043033869,-0.7207520857
0.610,-0.7052267875,-0.7216612685
0.611,-0.7061503097,-0.7225705970
0.612,-0.7070739532,-0.7234800710
0.613,-0.7079977178,-0.7243896901
0.614,-0.7089216032,-0.7252994539
0.615,-0.7098456091,-0.7262093621
0.616,-0.7107697352,-0.7271194144
0.617,-0.7116939812,-0.7280296104
0.618,-0.7126183469,-0.7289399497
0.619,-0.7135428319,-0.7298504321
0.620,-0.7144674361,-0.7307610572
0.621,-0.7153921590,-0.7316718247
0.622,-0.7163170005,-0.7325827342
0.623,-0.7172419602,-0.7334937853
0.624,-0.7181670379,-0.7344049778
0.625,-0.7190922334,-0.7353163114
0.626,-0.7200175462,-0.7362277856
0.627,-0.7209429762,-0.7371394002
0.628,-0.7218685232,-0.7380511548
0.629,-0.7227941867,-0.7389630491
0.630,-0.7237199665,-0.7398750828
0.631,-0.7246458625,-0.7407872555
0.632,-0.7255718742,-0.7416995669
0.633,-0.7264980015,-0.7426120168
0.634,-0.7274242440,-0.7435246047
0.635,-0.7283506016,-0.7444373303
0.636,-0.7292770739,-0.7453501934
0.637,-0.7302036606,-0.7462631936
0.638,-0.7311303616,-0.7471763305
0.639,-0.7320571765,-0.7480896040
0.640,-0.7329841051,-0.7490030136
0.641,-0.7339111471,-0.7499165590
0.642,-0.7348383023,-0.7508302399
0.643,-0.7357655704,-0.7517440560
0.644,-0.7366929511,-0.7526580070
0.645,-0.7376204442,-0.7535720926
0.646,-0.7385480494,-0.7544863124
0.647,-0.7394757664,-0.7554006662
0.648,-0.7404035951,-0.7563151537
0.649,-0.7413315351,-0.7572297744
0.650,-0.7422595863,-0.7581445282
0.651,-0.7431877483,-0.7590594147
0.652,-0.7441160208,-0.7599744336
0.653,-0.7450444037,-0.7608895846
0.654,-0.7459728967,-0.7618048674
0.655,-0.7469014995,-0.7627202817
0.656,-0.7478302119,-0.7636358272
0.657,-0.7487590337,-0.7645515036
0.658,-0.7496879645,-0.7654673106
0.659,-0.7506170042,-0.7663832478
0.660,-0.7515461525,-0.7672993151
0.661,-0.7524754091,-0.7682155120
0.662,-0.7534047738,-0.7691318383
0.663,-0.7543342463,-0.7700482938
0.664,-0.7552638265,-0.7709648780
0.665,-0.7561935140,-0.7718815907
0.666,-0.7571233087,-0.7727984317
0.667,-0.7580532102,-0.7737154006
0.668,-0.7589832184,-0.7746324971
0.669,-0.7599133330,-0.7755497209
0.670,-0.7608435537,-0.7764670718
0.671,-0.7617738804,-0.7773845495
0.672,-0.7627043127,-0.7783021536
0.673,-0.7636348505,-0.7792198839
0.674,-0.7645654935,-0.7801377401
0.675,-0.7654962415,-0.7810557220
0.676,-0.7664270942,-0.7819738291
0.677,-0.7673580514,-0.7828920613
0.678,-0.7682891128,-0.7838104182
0.679,-0.7692202783,-0.7847288997
0.680,-0.7701515476,-0.7856475053
0.681,-0.7710829205,-0.7865662348
0.682,-0.7720143967,-0.7874850880
0.683,-0.7729459760,-0.7884040645
0.684,-0.7738776582,-0.7893231641
0.685,-0.7748094430,-0.7902423865
0.686,-0.7757413302,-0.7911617314
0.687,-0.7766733196,-0.7920811986
0.688,-0.7776054110,-0.7930007877
0.689,-0.7785376041,-0.7939204986
0.690,-0.7794698987,-0.7948403308
0.691,-0.7804022946,-0.7957602842
0.692,-0.7813347916,-0.7966803585
0.693,-0.7822673894,-0.7976005534
0.694,-0.7832000878,-0.7985208687
0.695,-0.7841328866,-0.7994413040
0.696,-0.7850657855,-0.8003618591
0.697,-0.7859987844,-0.8012825338
0.698,-0.7869318830,-0.8022033277
0.699,-0.7878650811,-0.8031242406
0.700,-0.7887983785,-0.8040452723
0.701,-0.7897317750,-0.8049664224
0.702,-0.7906652703,-0.8058876907
0.703,-0.7915988642,-0.8068090770
0.704,-0.7925325565,-0.8077305810
0.705,-0.7934663470,-0.8086522024
0.706,-0.7944002355,-0.8095739409
0.707,-0.7953342218,-0.8104957964
0.708,-0.7962683056,-0.8114177684
0.709,-0.7972024868,-0.8123398569
0.710,-0.7981367650,-0.8132620615
0.711,-0.7990711402,-0.8141843820
0.712,-0.8000056121,-0.8151068180
0.713,-0.8009401804,-0.8160293695
0.714,-0.8018748450,-0.8169520360
0.715,-0.8028096057,-0.8178748174
0.716,-0.8037444622,-0.8187977134
0.717,-0.8046794144,-0.8197207237
0.718,-0.8056144620,-0.8206438481
0.719,-0.8065496049,-0.8215670864
0.720,-0.8074848427,-0.8224904382
0.721,-0.8084201754,-0.8234139034
0.722,-0.8093556027,-0.8243374817
0.723,-0.8102911244,-0.8252611728
0.724,-0.8112267403,-0.8261849765
0.725,-0.8121624501,-0.8271088926
0.726,-0.8130982538,-0.8280329207
0.727,-0.8140341510,-0.8289570607
0.728,-0.8149701417,-0.8298813124
0.729,-0.8159062255,-0.8308056754
0.730,-0.8168424023,-0.8317301495
0.731,-0.8177786718,-0.8326547346
0.732,-0.8187150340,-0.8335794302
0.733,-0.8196514885,-0.8345042363
0.734,-0.8205880352,-0.8354291525
0.735,-0.8215246739,-0.8363541787
0.736,-0.8224614044,-0.8372793145
0.737,-0.8233982264,-0.8382045598
0.738,-0.8243351399,-0.8391299143
0.739,-0.8252721445,-0.8400553777
0.740,-0.8262092402,-0.8409809499
0.741,-0.8271464266,-0.8419066306
0.742,-0.8280837037,-0.8428324195
0.743,-0.8290210711,-0.8437583165
0.744,-0.8299585288,-0.8446843213
0.745,-0.8308960765,-0.8456104336
0.746,-0.8318337140,-0.8465366533
0.747,-0.8327714412,-0.8474629801
0.748,-0.8337092579,-0.8483894137
0.749,-0.8346471637,-0.8493159540
0.750,-0.8355851587,-0.8502426007
0.751,-0.8365232425,-0.8511693536
0.752,-0.8374614151,-0.8520962124
0.753,-0.8383996761,-0.8530231769
0.754,-0.8393380255,-0.8539502470
0.755,-0.8402764629,-0.8548774223
0.756,-0.8412149884,-0.8558047026
0.757,-0.8421536015,-0.8567320878
0.758,-0.8430923023,-0.8576595776
0.759,-0.8440310904,-0.8585871718
0.760,-0.8449699657,-0.8595148701
0.761,-0.8459089280,-0.8604426723
0.762,-0.8468479772,-0.8613705782
0.763,-0.8477871129,-0.8622985876
0.764,-0.8487263352,-0.8632267003
0.765,-0.8496656437,-0.8641549160
0.766,-0.8506050384,-0.8650832346
0.767,-0.8515445189,-0.8660116557
0.768,-0.8524840852,-0.8669401792
0.769,-0.8534237370,-0.8678688050
0.770,-0.8543634742,-0.8687975326
0.771,-0.8553032966,-0.8697263620
0.772,-0.8562432041,-0.8706552929
0.773,-0.8571831963,-0.8715843251
0.774,-0.8581232732,-0.8725134584
0.775,-0.8590634346,-0.8734426926
0.776,-0.8600036803,-0.8743720275
0.777,-0.8609440102,-0.8753014628
0.778,-0.8618844240,-0.8762309983
0.779,-0.8628249215,-0.8771606339
0.780,-0.8637655027,-0.8780903693
0.781,-0.8647061673,-0.8790202043
0.782,-0.8656469151,-0.8799501387
0.783,-0.8665877461,-0.8808801722
0.784,-0.8675286599,-0.8818103048
0.785,-0.8684696565,-0.8827405361
0.786,-0.8694107356,-0.8836708660
0.787,-0.8703518971,-0.8846012942
0.788,-0.8712931409,-0.8855318206
0.789,-0.8722344667,-0.8864624450
0.790,-0.8731758743,-0.8873931670
0.791,-0.8741173637,-0.8883239867
0.792,-0.8750589346,-0.8892549036
0.793,-0.8760005869,-0.8901859177
0.794,-0.8769423204,-0.8911170287
0.795,-0.8778841349,-0.8920482364
0.796,-0.8788260303,-0.8929795406
0.797,-0.8797680064,-0.8939109412
0.798,-0.8807100630,-0.8948424378
0.799,-0.8816522000,-0.8957740304
0.800,-0.8825944172,-0.8967057187
0.801,-0.8835367145,-0.8976375026
0.802,-0.8844790916,-0.8985693817
0.803,-0.8854215484,-0.8995013560
0.804,-0.8863640847,-0.9004334252
0.805,-0.8873067005,-0.9013655891
0.806,-0.8882493954,-0.9022978476
0.807,-0.8891921694,-0.9032302004
0.808,-0.8901350223,-0.9041626473
0.809,-0.8910779540,-0.9050951882
0.810,-0.8920209642,-0.9060278228
0.811,-0.8929640528,-0.9069605510
0.812,-0.8939072197,-0.9078933726
0.813,-0.8948504646,-0.9088262874
0.814,-0.8957937875,-0.9097592951
0.815,-0.8967371881,-0.9106923956
0.816,-0.8976806664,-0.9116255887
0.817,-0.8986242221,-0.9125588742
0.818,-0.8995678551,-0.9134922520
0.819,-0.9005115653,-0.9144257217
0.820,-0.9014553524,-0.9153592833
0.821,-0.9023992164,-0.9162929366
0.822,-0.9033431570,-0.9172266813
0.823,-0.9042871741,-0.9181605173
0.824,-0.9052312676,-0.9190944444
0.825,-0.9061754373,-0.9200284624
0.826,-0.9071196831,-0.9209625711
0.827,-0.9080640047,-0.9218967704
0.828,-0.9090084021,-0.9228310600
0.829,-0.9099528751,-0.9237654397
0.830,-0.9108974235,-0.9246999095
0.831,-0.9118420472,-0.9256344690
0.832,-0.9127867460,-0.9265691181
0.833,-0.9137315198,-0.9275038567
0.834,-0.9146763684,-0.9284386845
0.835,-0.9156212918,-0.9293736014
0.836,-0.9165662896,-0.9303086072
0.837,-0.9175113618,-0.9312437017
0.838,-0.9184565083,-0.9321788847
0.839,-0.9194017288,-0.9331141561
0.840,-0.9203470233,-0.9340495156
0.841,-0.9212923915,-0.9349849631
0.842,-0.9222378334,-0.9359204984
0.843,-0.9231833487,-0.9368561214
0.844,-0.9241289374,-0.9377918318
0.845,-0.9250745993,-0.9387276295
0.846,-0.9260203343,-0.9396635143
0.847,-0.9269661421,-0.9405994860
0.848,-0.9279120227,-0.9415355445
0.849,-0.9288579759,-0.9424716895
0.850,-0.9298040016,-0.9434079210
0.851,-0.9307500996,-0.9443442387
0.852,-0.9316962697,-0.9452806424
0.853,-0.9326425119,-0.9462171320
0.854,-0.9335888260,-0.9471537074
0.855,-0.9345352118,-0.9480903682
0.856,-0.9354816693,-0.9490271145
0.857,-0.9364281982,-0.9499639459
0.858,-0.9373747984,-0.9509008624
0.859,-0.9383214698,-0.9518378637
0.860,-0.9392682122,-0.9527749497
0.861,-0.9402150256,-0.9537121203
0.862,-0.9411619096,-0.9546493751
0.863,-0.9421088643,-0.9555867142
0.864,-0.9430558895,-0.9565241373
0.865,-0.9440029850,-0.9574616442
0.866,-0.9449501508,-0.9583992348
0.867,-0.9458973865,-0.9593369089
0.868,-0.9468446922,-0.9602746663
0.869,-0.9477920677,-0.9612125069
0.870,-0.9487395128,-0.9621504306
0.871,-0.9496870275,-0.9630884370
0.872,-0.9506346115,-0.9640265262
0.873,-0.9515822647,-0.9649646979
0.874,-0.9525299871,-0.9659029520
0.875,-0.9534777784,-0.9668412882
0.876,-0.9544256385,-0.9677797065
0.877,-0.9553735674,-0.9687182066
0.878,-0.9563215648,-0.9696567885
0.879,-0.9572696306,-0.9705954518
0.880,-0.9582177647,-0.9715341966
0.881,-0.9591659670,-0.9724730226
0.882,-0.9601142373,-0.9734119297
0.883,-0.9610625755,-0.9743509177
0.884,-0.9620109814,-0.9752899864
0.885,-0.9629594550,-0.9762291357
0.886,-0.9639079961,-0.9771683654
0.887,-0.9648566045,-0.9781076754
0.888,-0.9658052802,-0.9790470655
0.889,-0.9667540229,-0.9799865356
0.890,-0.9677028327,-0.9809260854
0.891,-0.9686517093,-0.9818657149
0.892,-0.9696006526,-0.9828054239
0.893,-0.9705496625,-0.9837452122
0.894,-0.9714987388,-0.9846850797
0.895,-0.9724478814,-0.9856250262
0.896,-0.9733970903,-0.9865650516
0.897,-0.9743463652,-0.9875051557
0.898,-0.9752957061,-0.9884453383
0.899,-0.9762451128,-0.9893855994
0.900,-0.9771945851,-0.9903259387
0.901,-0.9781441230,-0.9912663560
0.902,-0.9790937264,-0.9922068514
0.903,-0.9800433950,-0.9931474245
0.904,-0.9809931289,-0.9940880753
0.905,-0.9819429278,-0.9950288036
0.906,-0.9828927916,-0.9959696092
0.907,-0.9838427202,-0.9969104920
0.908,-0.9847927135,-0.9978514518
0.909,-0.9857427713,-0.9987924886
0.910,-0.9866928936,-0.9997336021
0.911,-0.9876430802,-1.0006747921
0.912,-0.9885933310,-1.0016160587
0.913,-0.9895436458,-1.0025574015
0.914,-0.9904940246,-1.0034988205
0.915,-0.9914444672,-1.0044403155
0.916,-0.9923949735,-1.0053818863
0.917,-0.9933455434,-1.0063235329
0.918,-0.9942961767,-1.0072652550
0.919,-0.9952468733,-1.0082070525
0.920,-0.9961976332,-1.0091489253
0.921,-0.9971484561,-1.0100908733
0.922,-0.9980993420,-1.0110328962
0.923,-0.9990502908,-1.0119749940
0.924,-1.0000013022,-1.0129171665
0.925,-1.0009523763,-1.0138594135
0.926,-1.0019035129,-1.0148017349
0.927,-1.0028547119,-1.0157441306
0.928,-1.0038059731,-1.0166866005
0.929,-1.0047572964,-1.0176291443
0.930,-1.0057086817,-1.0185717619
0.931,-1.0066601290,-1.0195144533
0.932,-1.0076116380,-1.0204572182
0.933,-1.0085632087,-1.0214000566
0.934,-1.0095148410,-1.0223429682
0.935,-1.0104665347,-1.0232859530
0.936,-1.0114182897,-1.0242290108
0.937,-1.0123701058,-1.0251721414
0.938,-1.0133219831,-1.0261153447
0.939,-1.0142739214,-1.0270586207
0.940,-1.0152259205,-1.0280019691
0.941,-1.0161779803,-1.0289453898
0.942,-1.0171301008,-1.0298888827
0.943,-1.0180822817,-1.0308324476
0.944,-1.0190345231,-1.0317760844
0.945,-1.0199868248,-1.0327197929
0.946,-1.0209391866,-1.0336635731
0.947,-1.0218916085,-1.0346074248
0.948,-1.0228440903,-1.0355513479
0.949,-1.0237966320,-1.0364953421
0.950,-1.0247492334,-1.0374394075
0.951,-1.0257018944,-1.0383835438
0.952,-1.0266546148,-1.0393277509
0.953,-1.0276073947,-1.0402720287
0.954,-1.0285602339,-1.0412163770
0.955,-1.0295131322,-1.0421607958
0.956,-1.0304660895,-1.0431052849
0.957,-1.0314191058,-1.0440498441
0.958,-1.0323721810,-1.0449944733
0.959,-1.0333253149,-1.0459391724
0.960,-1.0342785073,-1.0468839413
0.961,-1.0352317583,-1.0478287798
0.962,-1.0361850677,-1.0487736878
0.963,-1.0371384354,-1.0497186652
0.964,-1.0380918612,-1.0506637118
0.965,-1.0390453451,-1.0516088275
0.966,-1.0399988870,-1.0525540122
0.967,-1.0409524867,-1.0534992658
0.968,-1.0419061442,-1.0544445880
0.969,-1.0428598594,-1.0553899789
0.970,-1.0438136320,-1.0563354382
0.971,-1.0447674621,-1.0572809658
0.972,-1.0457213495,-1.0582265617
0.973,-1.0466752942,-1.0591722256
0.974,-1.0476292959,-1.0601179575
0.975,-1.0485833547,-1.0610637573
0.976,-1.0495374703,-1.0620096247
0.977,-1.0504916428,-1.0629555597
0.978,-1.0514458719,-1.0639015621
0.979,-1.0524001576,-1.0648476319
0.980,-1.0533544998,-1.0657937689
0.981,-1.0543088984,-1.0667399730
0.982,-1.0552633533,-1.0676862440
0.983,-1.0562178643,-1.0686325818
0.984,-1.0571724314,-1.0695789863
0.985,-1.0581270545,-1.0705254574
0.986,-1.0590817334,-1.0714719950
0.987,-1.0600364681,-1.0724185989
0.988,-1.0609912584,-1.0733652690
0.989,-1.0619461043,-1.0743120052
0.990,-1.0629010057,-1.0752588074
0.991,-1.0638559624,-1.0762056754
0.992,-1.0648109743,-1.0771526092
0.993,-1.0657660415,-1.0780996085
0.994,-1.0667211636,-1.0790466734
0.995,-1.0676763407,-1.0799938036
0.996,-1.0686315727,-1.0809409990
0.997,-1.0695868594,-1.0818882595
0.998,-1.0705422008,-1.0828355851
0.999,-1.0714975967,-1.0837829756
1.000,-1.0724530471,-1.0847304308
